,Unnamed: 0,Unnamed: 1,Unnamed: 2,Unnamed: 3,Unnamed: 4,Unnamed: 5,Unnamed: 6,Unnamed: 7,Unnamed: 8,Unnamed: 9
0,B1_01/16_1,0 -- 17,RC,RG,2~3,1201.6,6008.0,RG6175,,
1,,,,,,,,,,
2,B1_01/16_2,17 -- 30,RC,RG,2~3,1004.3,5021.5,RG6175,,
3,,,,,,,,,,
4,B1_01/16_3,30 -- 42,RC,RG,2~3,1001.7,5008.5,RG6175,,
5,,,,,,,,,,
6,B1_01/16_4,42 -- 55,RC,RG,2~3,1002.5,5012.5,RG6175,,
7,,,,,,,,Ni - 42,,
8,B1_01/16_5,55 -- 67,RC,RG,2~3,1006.7,5033.5,RG6175,,
9,,,,,,,,,,
10,B1_01/16_6,67 -- 80,RC,RG,2~3,999.6,4998.0,RG6175,,
11,,,,,,,,,,
12,B1_01/16_7,80 -- 96,RC,RG,2~3,1208.5,6042.5,RG6175,,
13,,,,,,,,,,
14,,,,,TOTAL,7424.9,37124.5,,,
0,B1_10/15_1,0 -- 16,RC,RG,1~2,1140.5,5702.5,RG22117,,
1,,,,,,,,Ni - 0,,
2,B1_10/15_2,16 -- 27,SC,MX,MX,933.3,4666.5,CUT30061,,
3,,,,,,,,Ni - 16,,
4,B1_10/15_3,27 -- 37,RC-GD,MX,10*8,997.8,4989.0,CUT30051,,
5,,,,,,,,Ni - 27,,
6,B1_10/15_4,37 -- 49,SC,MX,MX,897.0,4485.0,CUT30058,,
7,,,,,,,,Ni - 37,,
8,B1_10/15_5,49 -- 63,RC-GD,MX,MX,1217.1,6085.5,CUT30057,,
9,,,,,,,,Ni - 49,,
10,B1_10/15_6,63 -- 73,SC,MX,11*9,863.1,4315.5,CUT30056,,
11,,,,,,,,Ni - 63,,
12,B1_10/15_7,73 -- 79,SC,PS,FREE,514.1,2570.5,CUT14699,,
13,,,,,,,,Ni - 73,,
14,B1_10/15_8,79 -- 96,RC,RG,1~2,1140.4,5702.0,RG22118,,
15,,,,,,,,Ni - 79,,
16,,,,,,,,,,
17,,,,,TOTAL,7703.3,38516.5,,,
0,D1_10/15_1,0 -- 16,RC,RG,8~9,1078.8,5394.0,RG22114,,
1,,,,,,,,Ni - 0,,
2,D1_10/15_2,16 -- 29,RC,OV,11*9,1237.9,6189.5,CUT14751,,
3,,,,,,,,Ni - 16,,
4,D1_10/15_3,29 -- 36,RC,TR,9,529.3,2646.5,CUT14770,,
5,,,,,,,,Ni - 29,,
6,D1_10/15_4,36 -- 44,RC,SQ,8,584.3,2921.5,CUT14783,,
7,,,,,,,,Ni - 36,,
8,D1_10/15_5,44 -- 54,RC,CU,8,904.7,4523.5,CUT14786,,
9,,,,,,,,Ni - 44,,
10,D1_10/15_6,54 -- 63,RC,PS,12*8,821.6,4108.0,CUT14764,,
11,,,,,,,,Ni - 54,,
12,D1_10/15_7,63 -- 72,RC,PS,14*9,677.3,3386.5,CUT14766,,
13,,,,,,,,Ni - 63,,
14,D1_10/15_8,72 -- 81,RC,RD,9,705.4,3527.0,CUT14778,,
15,,,,,,,,Ni - 72,,
16,D1_10/15_9,81 -- 96,RC,RG,3~4,1060.1,5300.5,RG22127,,
17,,,,,,,,Ni - 81,,
18,,,,,,,,,,
19,,,,,TOTAL,7599.4,37997.0,,,
0,B1_12/15_1,0 -- 15,RC,PF-MX,MX,1252.6,6263.0,PF15158,,
1,,,,,,,,,,
2,B1_12/15_2,15 -- 30,UN-JAY,MX,MX,1478.1,7390.5,CUT30113,,
3,,,,,,,,,,
4,B1_12/15_3,30 -- 38,RC,MX,MX,624.1,3120.5,CUT30100,,
5,,,,,,,,,,
6,B1_12/15_4,38 -- 46,RC,MX,10*8,544.5,2722.5,CUT30101,,
7,,,,,,,,Ni - 38,,
8,B1_12/15_5,46 -- 54,RC,MX,MX,580.2,2901.0,CUT30097,,
9,,,,,,,,,,
10,B1_12/15_6,54 -- 62,SC,MX,10*8,591.9,2959.5,CUT30102,,
11,,,,,,,,,,
12,B1_12/15_7,62 -- 75,MZ,PF-PS-RE,>16*12,996.5,4982.5,PF12242,,
13,,,,,,,,,,
14,B1_12/15_8,75 -- 80,MX,RG-RE,9+,317.1,1585.5,RG5975,,
15,,,,,,,,,,
16,B1_12/15_9,80 -- 96,RC,PF-TR,7,1207.9,6039.5,PF15166,,
17,,,,,,,,,,
18,,,,,TOTAL,7592.9,37964.5,,,
0,B1_13/15_1,0 -- 16,RC,PF-MX,MX,1319.3,6596.5,PF15146,,
1,,,,,,,,,,
2,B1_13/15_2,16 -- 27,RC,PF-MX,MX,790.4,3952.0,PF15153,,
3,,,,,,,,,,
4,B1_13/15_3,27 -- 35,RC,PF-MX,MX,649.5,3247.5,PF15143,,
5,,,,,,,,,,
6,B1_13/15_4,35 -- 42,RC,PF-MX,MX,612.1,3060.5,PF15171,,
7,,,,,,,,Ni -35,,
8,B1_13/15_5,42 -- 54,RC,PF-MX,MX,942.0,4710.0,PF15163,,
9,,,,,,,,,,
10,B1_13/15_6,54 -- 64,RC,PF-PS,7*5,820.9,4104.5,PF15164,,
11,,,,,,,,,,
12,B1_13/15_7,64 -- 75,RC,PF-SQ,6,925.0,4625.0,PF15162,,
13,,,,,,,,,,
14,B1_13/15_8,75 -- 80,RC,MX,FREE,259.5,1297.5,CUT30205,,
15,,,,,,,,,,
16,B1_13/15_9,80 -- 97,RC,PF-MX,MX,1320.6,6603.0,PF15144,,
17,,,,,,,,,,
18,,,,,TOTAL,7639.3,38196.5,,,
0,B1_15/15_1,0 -- 15,RC,PF-MX,MX,1380.9,6904.5,PF15170,,
1,,,,,,,,,,
2,B1_15/15_2,15 -- 26,RC,PF-MX,FREE,858.4,4292.0,PF15154,,
3,,,,,,,,,,
4,B1_15/15_3,26 -- 39,MC,PF-PS,FREE,880.7,4403.5,PF15142,,
5,,,,,,,,,,
6,B1_15/15_4,39 -- 48,RC,PF-MX,4,862.3,4311.5,PF15155,,
7,,,,,,,,Ni - 39,,
8,B1_15/15_5,48 -- 60,RC,PF-TR,5,1075.9,5379.5,PF15156,,
9,,,,,,,,,,
10,B1_15/15_6,60 -- 75,RC,PF-TR,6,1195.7,5978.5,PF15160,,
11,,,,,,,,,,
12,B1_15/15_7,75 -- 82,RC,PF-MX,MX,527.2,2636.0,PF15148,,
13,,,,,,,,,,
14,B1_15/15_8,82 -- 97,RC,PF-TR,7,1206.2,6031.0,PF15167,,
15,,,,,,,,,,
16,,,,,TOTAL,7987.3,39936.5,,,
0,D1_15/15_1,0 -- 18,-,-,-,0.0,0.0,,,
1,,,,,,,,,,
2,D1_15/15_2,18 -- 33,RC,RG,25~30,1060.9,5304.5,RG22038,,
3,,,,,,,,,,
4,D1_15/15_3,33 -- 46,RC,RG,14~16,1007.1,5035.5,RG22032,,
5,,,,,,,,,,
6,D1_15/15_4,46 -- 56,RC,RG,MX,700.1,3500.5,RG10941,,
7,,,,,,,,Ni - 46,,
8,D1_15/15_5,56 -- 69,RC,RG,18~20,886.4,4432.0,RG22036,,
9,,,,,,,,,,
10,D1_15/15_6,69 -- 81,RC,RG,18~20,876.7,4383.5,RG22035,,
11,,,,,,,,,,
12,,,,,TOTAL,4531.2,22656.0,,,
0,B1_17/15_1,0 -- 14,MC-GD,RD,2.5,1139.6,5698.0,CUT12898,,
1,,,,,,,,,,
2,B1_17/15_2,14 -- 20,SC,MX,FREE,508.5,2542.5,CUT30095,,
3,,,,,,,,,,
4,B1_17/15_3,20 -- 29,SC,OT,18*13,588.1,2940.5,CUT30143,,
5,,,,,,,,,,
6,B1_17/15_4,29 -- 36,SC,MX,MX,574.3,2871.5,CUT30096,,
7,,,,,,,,,,
8,B1_17/15_5,36 -- 42,SC,MX,FREE,356.6,1783.0,CUT30094,,
9,,,,,,,,Ni - 36,,
10,B1_17/15_6,42 -- 56,SC,OT,FREE,1117.6,5588.0,CUT14687,,
11,,,,,,,,,,
12,B1_17/15_7,56 -- 68,SC,OT,FREE,971.5,4857.5,CUT14687,,
13,,,,,,,,,,
14,B1_17/15_8,68 -- 79,SC,OT,MX,981.1,4905.5,CUT28020,,
15,,,,,,,,,,
16,B1_17/15_9,79 -- 92,MC-GD,RD,2,1225.0,6125.0,CUT25228,,
17,,,,,,,,,,
18,,,,,TOTAL,7462.3,37311.5,,,
0,B1_20/15_1,0 -- 16,RC,PF-MQ,10*5,1252.8,6264.0,PF15235,,
1,,,,,,,,,,
2,B1_20/15_2,16 -- 28,SC,MX,MX,1008.7,5043.5,CUT30213,,
3,,,,,,,,,,
4,B1_20/15_3,28 -- 38,SC,MX,MX,899.3,4496.5,CUT30210,,
5,,,,,,,,,,
6,B1_20/15_4,38 -- 48,BA,MX,MX,830.6,4153.0,CUT25118,,
7,,,,,,,,Ni - 38,,
8,B1_20/15_5,48 -- 57,BA,MX,MX,809.0,4045.0,CUT25119,,
9,,,,,,,,,,
10,B1_20/15_6,57 -- 68,SC,MX,MX,944.0,4720.0,CUT30211,,
11,,,,,,,,,,
12,B1_20/15_7,68 -- 80,VC,MX,MX,1065.4,5327.0,CUT25141,,
13,,,,,,,,,,
14,B1_20/15_8,80 -- 95,RC,PF-MX,18*13,1296.4,6482.0,PF15149,,
15,,,,,,,,,,
16,,,,,TOTAL,8106.2,40531.0,,,
0,B1_21/15_1,0 -- 17,RC,PF-OV,MX,1521.8,7609.0,PF12952,,
1,,,,,,,,,,
2,B1_21/15_2,17 -- 29,MC,RG-RE,12~15,845.6,4228.0,RG10722,,
3,,,,,,,,,,
4,B1_21/15_3,29 -- 40,MC,RG-RE,MX,665.4,3327.0,RG10669,,
5,,,,,,,,,,
6,B1_21/15_4,40 -- 55,RC,PF-MX-RE,MX,1346.3,6731.5,PF12078,,
7,,,,,,,,Ni - 40,,
8,B1_21/15_5,55 -- 70,MC,RG-RE,MX,1191.1,5955.5,RG10795,,
9,,,,,,,,,,
10,B1_21/15_6,70 -- 82,MC,RG-RE,12~15,812.9,4064.5,RG10725,,
11,,,,,,,,,,
12,B1_21/15_7,82 -- 95,RC,OT,>6*4,1009.4,5047.0,PF12948,,
13,,,,,,,,,,
14,,,,,TOTAL,7392.5,36962.5,,,
0,D1_21/15_1,0 -- 18,-,-,-,0.0,0.0,,,
1,,,,,,,,,,
2,D1_21/15_2,18 -- 35,RC,RG-RE,5~9,1273.4,6367.0,RG10908,,
3,,,,,,,,,,
4,D1_21/15_3,35 -- 51,NC,RG-RE,MX,1347.5,6737.5,RG10938,,
5,,,,,,,, Ni - 35,,
6,D1_21/15_4,51 -- 66,MC,PF-MX-RE,MX,1232.3,6161.5,PF12802,,
7,,,,,,,,,,
8,D1_21/15_5,66 -- 77,MC,RG-RE,9~15,774.6,3873.0,RG10726,,
9,,,,,,,,,,
10,,,,,TOTAL,4627.8,23139.0,,,
0,B1_24/15_1,0 -- 14,RC,RG,1~2,1140.4,5702.0,RG22118,,
1,,,,,,,,B1_10/15_8,,
2,B1_24/15_2,14 -- 22,MC,RG-RE,5~7,518.6,2593.0,RG10708,,
3,,,,,,,,,,
4,B1_24/15_3,22 -- 34,MC,RG-RE,9~12,865.9,4329.5,RG11422,,
5,,,,,,,,,,
6,B1_24/15_4,34 -- 52,MC,RG-RE,MX,1465.3,7326.5,RG10827,,
7,,,,,,,,Ni - 34,,
8,B1_24/15_5,52 -- 62,MC,RG-RE,15~20,543.4,2717.0,RG10786,,
9,,,,,,,,,,
10,B1_24/15_6,62 -- 74,MC,RG-RE,15~20,942.6,4713.0,RG10791,,
11,,,,,,,,,,
12,B1_24/15_7,74 -- 88,MC,RG-RE,5~7,947.6,4738.0,RG10832,,
13,,,,,,,,,,
14,B1_24/15_8,88 -- 100,RC,RG,1~2,1140.5,5702.5,RG22117,,
15,,,,,,,,B1_10/15_1,,
16,,,,,,,,,,
17,,,,,TOTAL,7564.3,37821.5,,,
0,B1_26/15_1,0 -- 14,RC,PF-TR,7,1207.9,6039.5,PF15166,,
1,,,,,,,,B1_12/15_9,,
2,B1_26/15_2,14 -- 30,MC,PF-SQ-RE,>14,1270.1,6350.5,PF12259,,
3,,,,,,,,,,
4,B1_26/15_3,30 -- 45,MC,PF-OT-RE,MX,1033.4,5167.0,PF12315,,
5,,,,,,,,,,
6,B1_26/15_4,45 -- 58,MC,PF-TR-RE,MX,1205.9,6029.5,PF12261,,
7,,,,,,,,Ni - 45,,
8,B1_26/15_5,58 -- 73,MC,PF-OT-RE,MX,1095.3,5476.5,PF12310,,
9,,,,,,,,,,
10,B1_26/15_6,73 -- 81,SC,PF-SQ-RE,MX,656.6,3283.0,PF12325,,
11,,,,,,,,,,
12,B1_26/15_7,81 -- 96,RC,PF-MX,MX,1252.6,6263.0,PF15158,,
13,,,,,,,,B1_12/15_1,,
14,,,,,,,,,,
15,,,,,TOTAL,7721.8,38609.0,,,
0,D1_26/15_1,0 -- 18,-,-,-,0.0,0.0,,,
1,,,,,,,,,,
2,D1_26/15_2,18 -- 35,MC,PF-OT-RE,MX,1228.5,6142.5,PF12311,,
3,,,,,,,,,,
4,D1_26/15_3,35 -- 51,MC,PF-OT-RE,MX,1167.7,5838.5,PF12312,,
5,,,,,,,,,,
6,D1_26/15_4,51 -- 63,MC,PF-PS-RE,MX,945.9,4729.5,PF12260,,
7,,,,,,,,Ni - 51,,
8,D1_26/15_5,63 -- 79,MC,PF-BAG-RE,>12*10,1211.7,6058.5,PF12313,,
9,,,,,,,,,,
10,,,,,TOTAL,4553.8,22769.0,,,
0,B1_28/15_1,0 -- 15,RC,PF-MX,MX,1320.6,6603.0,PF15144,,
1,,,,,,,,B1_13/15_9,,
2,B1_28/15_2,15 -- 26,RC,RG-RE,15~50,802.2,4011.0,RG10971,,
3,,,,,,,,,,
4,B1_28/15_3,26 -- 38,RC,RG-RE,15~50,796.4,3982.0,RG10971,,
5,,,,,,,,,,
6,B1_28/15_4,38 -- 56,UN,RG-RE,9~15,1420.4,7102.0,PF12246,,
7,,,,,,,,Ni - 38,,
8,B1_28/15_5,56 -- 73,MC,PF-OT-RE,>16*12,1370.3,6851.5,PF12265,,
9,,,,,,,,,,
10,B1_28/15_6,73 -- 80,SC,PF-OT-RE,>12*10,485.9,2429.5,PF12098,,
11,,,,,,,,,,
12,B1_28/15_7,80 -- 96,RC,PF-MX,MX,1319.3,6596.5,PF15146,,
13,,,,,,,,B1_13/15_1,,
14,,,,,,,,,,
15,,,,,TOTAL,7515.1,37575.5,,,
0,B1_32/15_1,0 -- 15,RC,PF-TR,7,1206.2,6031.0,PF15167,,
1,,,,,,,,B1_15/15_8,,
2,B1_32/15_2,15 -- 21,UN,PF-MX,MX,406.5,2032.5,C0025,,
3,,,,,,,,,,
4,B1_32/15_3,21 -- 38,BR,PF-MX,10*8,1326.9,6634.5,C0006,,
5,,,,,,,,,,
6,B1_32/15_4,38 -- 45,MC,PF-HS-RE,>10,553.1,2765.5,PF12816,,
7,,,,,,,,Ni - 38,,
8,B1_32/15_5,45 -- 52,SC,PF-RD-RE,MX,521.6,2608.0,PF12085,,
9,,,,,,,,,,
10,B1_32/15_6,52 -- 58,BR,PF-MQ,16*8,345.7,1728.5,C0006,,
11,,,,,,,,,,
12,B1_32/15_7,58 -- 66,BR,PF-OV,10*8,653.5,3267.5,C0006,,
13,,,,,,,,,,
14,B1_32/15_8,66 -- 74,BR,PF-PS,8*6,679.5,3397.5,C0006,,
15,,,,,,,,,,
16,B1_32/15_9,74 -- 79,BR,PF-OV,9*7,332.3,1661.5,C0006,,
17,,,,,,,,,,
18,B1_32/15_10,79 -- 96,RC,PF-MX,MX,1380.9,6904.5,PF15170,,
19,,,,,,,,B1_15/15_1,,
20,,,,,,,,,,
21,,,,,TOTAL,7406.2,37031.0,,,
0,D1_32/15_1,0 -- 18,-,-,-,0.0,0.0,,,
1,,,,,,,,,,
2,D1_32/15_2,18 -- 29,MZ,PF-MX,FREE,866.7,4333.5,PF15071,,
3,,,,,,,,,,
4,D1_32/15_3,29 -- 37,MZ,PF-MX,MX,636.3,3181.5,PF15060,,
5,,,,,,,,,,
6,D1_32/15_4,37 -- 46,SC,MX,MX,602.7,3013.5,CUT30120,,
7,,,,,,,,Ni - 37,,
8,D1_32/15_5,46 -- 60,RC,PF-MX,MX,1223.5,6117.5,PF15221,,
9,,,,,,,,,,
10,D1_32/15_6,60 -- 67,MZ,PF-MX,MX,522.3,2611.5,PF15063,,
11,,,,,,,,,,
12,D1_32/15_7,67 -- 76,MZ,PF-MX,MX,589.4,2947.0,PF15069,,
13,,,,,,,,,,
14,,,,,TOTAL,4440.9,22204.5,,,
0,B1_35/15_1,0 -- 14,MC-GD,RD,2,1225.0,6125.0,CUT25228,,
1,,,,,,,,B1_17/15_9,,
2,B1_35/15_2,14 -- 21,RC,PF-OV,12*10,569.5,2847.5,PF7327,,
3,,,,,,,,,,
4,B1_35/15_3,21 -- 39,RC,PF-CU,6*4,1531.6,7658.0,PF7334,,
5,,,,,,,,,,
6,B1_35/15_4,39 -- 52,RC,PF-OV,5*3,1103.6,5518.0,PF7320,,
7,,,,,,,,Ni - 39,,
8,B1_35/15_5,52 -- 64,RC,PF-OV,6*4,1038.2,5191.0,PF7321,,
9,,,,,,,,,,
10,B1_35/15_6,64 -- 78,RC,PF-OV,6*4,1206.1,6030.5,PF7321,,
11,,,,,,,,,,
12,B1_35/15_7,78 -- 91,MC-GD,RD,2.5,1139.6,5698.0,CUT12898,,
13,,,,,,,,B1_17/15_1,,
14,,,,,,,,,,
15,,,,,TOTAL,7813.6,39068.0,,,
0,B1_38/15_1,0 -- 16,RC,PF-MX,18*13,1296.4,6482.0,PF15149,,
1,,,,,,,,B1_20/15_8,,
2,B1_38/15_2,16 -- 30,RC,RG,2~3,1137.2,5686.0,RG6220,,
3,,,,,,,,,,
4,B1_38/15_3,30 -- 43,RC,RG,2~3,1020.2,5101.0,RG6220,,
5,,,,,,,,,,
6,B1_38/15_4,43 -- 55,RC,RG,2~3,1008.8,5044.0,RG6220,,
7,,,,,,,,Ni - 43,,
8,B1_38/15_5,55 -- 68,RC,RG,2~3,1023.2,5116.0,RG6220,,
9,,,,,,,,,,
10,B1_38/15_6,68 -- 81,RC,RG,2~3,1021.8,5109.0,RG6220,,
11,,,,,,,,,,
12,B1_38/15_7,81 -- 96,RC,PF-MQ,10*5,1252.8,6264.0,PF15235,,
13,,,,,,,,B1_20/15_1,,
14,,,,,,,,,,
15,,,,,TOTAL,7760.4,38802.0,,,
0,D1_38/15_1,0 -- 18,-,-,-,0.0,0.0,,,
1,,,,,,,,,,
2,D1_38/15_2,18 -- 32,RC,RG,3~5,1038.7,5193.5,RG5824,,
3,,,,,,,,,,
4,D1_38/15_3,32 -- 46,RC,RG,3~5,1009.0,5045.0,RG5824,,
5,,,,,,,,,,
6,D1_38/15_4,46 -- 58,RC,RG,2~3,1009.8,5049.0,RG6220,,
7,,,,,,,,Ni - 46,,
8,D1_38/15_5,58 -- 70,RC,RG,2~3,1009.2,5046.0,RG6220,,
9,,,,,,,,,,
10,D1_38/15_6,70 -- 82,RC,RG,3~5,880.9,4404.5,RG5824,,
11,,,,,,,,,,
12,,,,,TOTAL,4947.6,24738.0,,,
0,B1_43/15_1,0 -- 12,RC,OT,>6*4,1009.4,5047.0,PF12948,,
1,,,,,,,,B1_21/15_7,,
2,B1_43/15_2,12 -- 26,UN,PF-MX,15~25,1100.7,5503.5,C0018,,
3,,,,,,,,,,
4,B1_43/15_3,26 -- 38,UN,PF-MX,5~9,961.1,4805.5,C0018,,
5,,,,,,,,,,
6,B1_43/15_4,38 -- 49,UN,PF-MX,2~3,884.0,4420.0,C0018,,
7,,,,,,,,Ni - 38,,
8,B1_43/15_5,49 -- 57,UN,PF-MX,2,621.1,3105.5,C0018,,
9,,,,,,,,,,
10,B1_43/15_6,57 -- 65,UN,PF-MX,5~9,644.8,3224.0,C0018,,
11,,,,,,,,,,
12,B1_43/15_7,65 -- 80,UN,PF-MX,9~15,1116.9,5584.5,C0018,,
13,,,,,,,,,,
14,B1_43/15_8,80 -- 97,RC,PF-OV,MX,1521.8,7609.0,PF12952,,
15,,,,,,,,B1_21/15_1,,
16,,,,,,,,,,
17,,,,,TOTAL,7859.8,39299.0,,,
0,B1_45/15_1,0 -- 17,MC,PF-OT-RE,MX,1259.1,6295.5,RG6175,,
1,,,,,,,,,,
2,B1_45/15_2,17 -- 29,RC,RG,2~3,1007.9,5039.5,RG6175,,
3,,,,,,,,,,
4,B1_45/15_3,29 -- 41,RC,RG,2~3,1001.9,5009.5,RG6175,,
5,,,,,,,,,,
6,B1_45/15_4,41 -- 55,RC,RG,2~3,1036.8,5184.0,RG6175,,
7,,,,,,,,Ni - 41,,
8,B1_45/15_5,55 -- 66,RC,RG,2~3,1008.9,5044.5,RG6175,,
9,,,,,,,,,,
10,B1_45/15_6,66 -- 79,RC,RG,2~3,1011.6,5058.0,RG6175,,
11,,,,,,,,,,
12,B1_45/15_7,79 -- 87,RC,RG,2~3,557.9,2789.5,RG6175,,
13,,,,,,,,,,
14,B1_45/15_8,87 -- 100,MC,PF-OT-RE,MX,1250.5,6252.5,RG6175,,
15,,,,,,,,,,
16,,,,,TOTAL,8134.6,40673.0,,,
0,D1_45/15_1,0 -- 18,-,-,-,0.0,0.0,,,
1,,,,,,,,,,
2,D1_45/15_2,18 -- 31,RC,RG,2~3,1027.2,5136.0,RG6175,,
3,,,,,,,,,,
4,D1_45/15_3,31 -- 44,RC,RG,2~3,1005.3,5026.5,RG6175,,
5,,,,,,,,,,
6,D1_45/15_4,44 -- 56,RC,RG,2~3,1013.3,5066.5,RG6175,,
7,,,,,,,,Ni - 44,,
8,D1_45/15_5,56 -- 69,RC,RG,2~3,1010.1,5050.5,RG6175,,
9,,,,,,,,,,
10,D1_45/15_6,69 -- 81,RC,RG,2~3,1007.8,5039.0,RG6175,,
11,,,,,,,,,,
12,,,,,TOTAL,5063.7,25318.5,,,
0,B1_47/15_1,0 -- 15,RC,RG,2~3,1253.6,6268.0,RG6175,,
1,,,,,,,,,,
2,B1_47/15_2,15 -- 28,RC,RG,2~3,1000.6,5003.0,RG6175,,
3,,,,,,,,,,
4,B1_47/15_3,28 -- 40,RC,RG,2~3,1004.1,5020.5,RG6175,,
5,,,,,,,,,,
6,B1_47/15_4,40 -- 53,RC,RG,2~3,1008.1,5040.5,RG6175,,
7,,,,,,,,Ni - 40,,
8,B1_47/15_5,53 -- 66,RC,RG,2~3,1011.0,5055.0,RG6175,,
9,,,,,,,,,,
10,B1_47/15_6,66 -- 79,RC,RG,2~3,1011.8,5059.0,RG6175,,
11,,,,,,,,,,
12,B1_47/15_7,79 -- 95,RC,RG,2~3,1255.0,6275.0,RG6175,,
13,,,,,,,,,,
14,,,,,TOTAL,7544.2,37721.0,,,
0,B1_49/15_1,0 -- 16,RC,RG,2~3,1218.4,6092.0,RG6175,,
1,,,,,,,,,,
2,B1_49/15_2,16 -- 29,RC,RG,2~3,1002.2,5011.0,RG6175,,
3,,,,,,,,,,
4,B1_49/15_3,29 -- 42,RC,RG,2~3,1010.4,5052.0,RG6175,,
5,,,,,,,,,,
6,B1_49/15_4,42 -- 55,RC,RG,2~3,1010.7,5053.5,RG6175,,
7,,,,,,,,Ni - 42,,
8,B1_49/15_5,55 -- 68,RC,RG,2~3,1006.4,5032.0,RG6175,,
9,,,,,,,,,,
10,B1_49/15_6,68 -- 81,RC,RG,2~3,1012.4,5062.0,RG6175,,
11,,,,,,,,,,
12,B1_49/15_7,81 -- 97,RC,RG,2~3,1214.5,6072.5,RG6175,,
13,,,,,,,,,,
14,,,,,TOTAL,7475.0,37375.0,,,
0,D1_51/15_1,0 -- 18,-,-,-,0.0,0.0,,,
1,,,,,,,,,,
2,D1_51/15_2,18 -- 31,RC,RG,2~3,1005.5,5027.5,RG6175,,
3,,,,,,,,,,
4,D1_51/15_3,31 -- 44,RC,RG,2~3,1006.0,5030.0,RG6175,,
5,,,,,,,,,,
6,D1_51/15_4,44 -- 57,RC,RG,2~3,1011.1,5055.5,RG6175,,
7,,,,,,,,Ni - 44,,
8,D1_51/15_5,57 -- 70,RC,RG,2~3,1006.2,5031.0,RG6175,,
9,,,,,,,,,,
10,D1_51/15_6,70 -- 83,RC,RG,2~3,1003.6,5018.0,RG6175,,
11,,,,,,,,,,
12,,,,,TOTAL,5032.4,25162.0,,,
0,B1_04/16_1,0 -- 16,RC,RG,2~3,1250.5,6252.5,RG6175,,
1,,,,,,,,B1_45/15_8,,
2,B1_04/16_2,16 -- 29,RC,RG,2~3,1002.8,5014.0,RG6175,,
3,,,,,,,,,,
4,B1_04/16_3,29 -- 42,RC,RG,2~3,1008.1,5040.5,RG6175,,
5,,,,,,,,,,
6,B1_04/16_4,42 -- 55,RC,RG,2~3,1005.1,5025.5,RG6175,,
7,,,,,,,,Ni - 42,,
8,B1_04/16_5,55 -- 67,RC,RG,2~3,1006.4,5032.0,RG6175,,
9,,,,,,,,,,
10,B1_04/16_6,67 -- 80,RC,RG,2~3,1012.4,5062.0,RG6175,,
11,,,,,,,,,,
12,B1_04/16_7,80 -- 95,RC,RG,2~3,1259.1,6295.5,RG6175,,
13,,,,,,,,B1_45/15_1,,
14,,,,,,,,,,
15,,,,,TOTAL,7544.4,37722.0,,,
0,B1_07/16_1,0 -- 16,RC,RG,2~3,1255.0,6275.0,RG6175,,
1,,,,,,,,B1_47/15_7,,
2,B1_07/16_2,16 -- 29,RC,RG,2~3,1002.4,5012.0,RG22255,,
3,,,,,,,,,,
4,B1_07/16_3,29 -- 39,RC,RD,10,777.9,3889.5,RD10RC,,
5,,,,,,,,,,
6,B1_07/16_4,39 -- 49,RC,SQ,5,905.4,4527.0,SQ5RC,,
7,,,,,,,,Ni - 39,,
8,B1_07/16_5,49 -- 63,RC,RD,12,1190.6,5953.0,RD12RC,,
9,,,,,,,,,,
10,B1_07/16_6,63 -- 75,RC,RG,2~3,817.7,4088.5,RG22255,,
11,,,,,,,,,,
12,B1_07/16_7,75 -- 85,RC,RG,2~3,704.9,3524.5,RG22255,,
13,,,,,,,,,,
14,B1_07/16_8,85 -- 100,RC,RG,2~3,1253.6,6268.0,RG6175,,
15,,,,,,,,B1_47/15_1,,
16,,,,,,,,,,
17,,,,,TOTAL,7907.5,39537.5,,,
0,D1_07/16_1,0 -- 18,-,-,-,0.0,0.0,,,
1,,,,,,,,,,
2,D1_07/16_2,18 -- 31,RC,RG,2~3,1010.3,5051.5,RG22255,,
3,,,,,,,,,,
4,D1_07/16_3,31 -- 41,RC,CU,10*8,766.9,3834.5,CU10X8RC,,
5,,,,,,,,,,
6,D1_07/16_4,41 -- 51,RC,CU,10*8,905.2,4526.0,CU10X8RC,,
7,,,,,,,,Ni - 41,,
8,D1_07/16_5,51 -- 60,RC,CU,10*8,798.7,3993.5,CU10X8RC,,
9,,,,,,,,,,
10,D1_07/16_6,60 -- 71,RC,RG,2~3,805.9,4029.5,RG22255,,
11,,,,,,,,,,
12,D1_07/16_7,71 -- 81,RC,RG,2~3,771.7,3858.5,RG22255,,
13,,,,,,,,,,
14,,,,,TOTAL,5058.7,25293.5,,,
0,B1_10/16_1,0 -- 17,RC,RG,2~3,1251.2,6256.0,RG6175,,
1,,,,,,,,,,
2,B1_10/16_2,17 -- 24,RC,RD,14,529.9,2649.5,RD14RC,,
3,,,,,,,,,,
4,B1_10/16_3,24 -- 36,MC,CU,12,1011.6,5058.0,CUT30321,,
5,,,,,,,,,,
6,B1_10/16_4,36 -- 43,SC,MQ,MX,536.7,2683.5,CUT25157,,
7,,,,,,,,Ni - 36,,
8,B1_10/16_5,43 -- 51,RC,RD,8,707.7,3538.5,RD8RC,,
9,,,,,,,,,,
10,B1_10/16_6,51 -- 63,RC,CU,10,968.2,4841.0,CUT30320,,
11,,,,,,,,,,
12,B1_10/16_7,63 -- 72,MC,RD,12,750.9,3754.5,CUT30325,,
13,,,,,,,,,,
14,B1_10/16_8,72 -- 81,SC,PS,15*10,750.5,3752.5,PS15X10SC,,
15,,,,,,,,,,
16,B1_10/16_9,81 -- 98,RC,RG,2~3,1268.1,6340.5,RG6175,,
17,,,,,,,,,,
18,,,,,TOTAL,7774.8,38874.0,,,
0,B1_12/16_1,0 -- 17,RC,RG,3~5,1220.0,6100.0,RG6176,,
1,,,,,,,,,,
2,B1_12/16_2,17 -- 30,RC,PF-RD,15,1053.2,5266.0,PF15379,,
3,,,,,,,,,,
4,B1_12/16_3,30 -- 44,MC,OT,16*12,1230.8,6154.0,CUT30281,,
5,,,,,,,,,,
6,B1_12/16_4,44 -- 56,MC,OT,14*10,1018.0,5090.0,CUT30280,,
7,,,,,,,,Ni - 44,,
8,B1_12/16_5,56 -- 65,RC,PF-RD,11,612.1,3060.5,PF15375,,
9,,,,,,,,,,
10,B1_12/16_6,65 -- 80,RC,PF-RD,13,1232.2,6161.0,PF15377,,
11,,,,,,,,,,
12,B1_12/16_7,80 -- 96,RC,RG,3~5,1213.2,6066.0,RG6176,,
13,,,,,,,,,,
14,,,,,TOTAL,7579.5,37897.5,,,
0,B1_19/16_1,0 -- 15,RC,RG,2~3,1214.5,6072.5,RG6175,,
1,,,,,,,,B1_49/15_7,,
2,B1_19/16_2,15 -- 23,RC,CU,9*7,607.3,3036.5,CU9X7RC,,
3,,,,,,,,,,
4,B1_19/16_3,23 -- 37,RC,CU,7,1302.8,6514.0,CU7RC,,
5,,,,,,,,,,
6,B1_19/16_4,37 -- 50,RC,RD,7,1131.0,5655.0,RD7RC,,
7,,,,,,,,Ni - 37,,
8,B1_19/16_5,50 -- 58,RC,OV,7*5,631.3,3156.5,OV7X5RC,,
9,,,,,,,,,,
10,B1_19/16_6,58 -- 71,RC,OV,8*6,1222.9,6114.5,OV8X6RC,,
11,,,,,,,,,,
12,B1_19/16_7,71 -- 83,RC,RD,8,1000.0,5000.0,RD8RC,,
13,,,,,,,,,,
14,B1_19/16_8,83 -- 98,RC,RG,2~3,1218.4,6092.0,RG6175,,
15,,,,,,,,B1_49/15_1,,
16,,,,,,,,,,
17,,,,,TOTAL,8328.2,41641.0,,,
0,D1_19/16_1,0 -- 18,-,-,-,0.0,0.0,,,
1,,,,,,,,,,
2,D1_19/16_2,18 -- 30,RC,CU,9,1109.5,5547.5,CU9RC,,
3,,,,,,,,,,
4,D1_19/16_3,30 -- 39,RC,CU,9*7,764.7,3823.5,CU9X7RC,,
5,,,,,,,,,,
6,D1_19/16_4,39 -- 50,RC,CU,7*5,1059.8,5299.0,CU7X5RC,,
7,,,,,,,,Ni - 39,,
8,D1_19/16_5,50 -- 62,RC,CU,7*5,1074.9,5374.5,CU7X5RC,,
9,,,,,,,,,,
10,D1_19/16_6,62 -- 77,RC,OV,10*8,1359.1,6795.5,OV10X8RC,,
11,,,,,,,,,,
12,D1_19/16_7,77 -- 83,RC,CU,11*9,549.6,2748.0,CU11X9RC,,
13,,,,,,,,,,
14,,,,,TOTAL,5917.6,29588.0,,,
0,B1_21/16_1,0 -- 15,RC,RG,2~3,1208.5,6042.5,RG6175,,
1,,,,,,,,B1_01/16_7,,
2,B1_21/16_2,15 -- 26,RC,RG,9~10,759.0,3795.0,RG22364,,
3,,,,,,,,,,
4,B1_21/16_3,26 -- 36,RC,RG,3~4,693.9,3469.5,RG22339,,
5,,,,,,,,,,
6,B1_21/16_4,36 -- 45,RC,RG,3~4,644.3,3221.5,RG22339,,
7,,,,,,,,Ni - 36,,
8,B1_21/16_5,45 -- 54,RC,RG,4~5,657.9,3289.5,RG22359,,
9,,,,,,,,,,
10,B1_21/16_6,54 -- 63,RC,RG,4~5,643.0,3215.0,RG22359,,
11,,,,,,,,,,
12,B1_21/16_7,63 -- 73,RC,RG,5~6,656.5,3282.5,RG22360,,
13,,,,,,,,,,
14,B1_21/16_8,73 -- 82,RC,RG,5~6,709.2,3546.0,RG22360,,
15,,,,,,,,,,
16,B1_21/16_9,82 -- 97,RC,RG,2~3,1201.6,6008.0,RG6175,,
17,,,,,,,,B1_01/16_1,,
18,,,,,,,,,,
19,,,,,TOTAL,7173.9,35869.5,,,
0,B1_23/16_1,0 -- 16,RC,RG,2~3,1268.1,6340.5,RG6175,,
1,,,,,,,,B1_10/16_9,,
2,B1_23/16_2,16 -- 28,MD,RG,3~5,923.7,4618.5,RG6266,,
3,,,,,,,,,,
4,B1_23/16_3,28 -- 40,MD,RG,3~5,903.4,4517.0,RG6266,,
5,,,,,,,,,,
6,B1_23/16_4,40 -- 53,MD,RG,3~5,907.3,4536.5,RG6266,,
7,,,,,,,,Ni - 40,,
8,B1_23/16_5,53 -- 62,MD,RG,3~5,724.4,3622.0,RG6266,,
9,,,,,,,,,,
10,B1_23/16_6,62 -- 75,MD,RG,5~9,908.8,4544.0,RG6267,,
11,,,,,,,,,,
12,B1_23/16_7,75 -- 85,MD,RG,5~9,726.4,3632.0,RG6267,,
13,,,,,,,,,,
14,B1_23/16_8,85 -- 100,RC,RG,2~3,1251.2,6256.0,RG6175,,
15,,,,,,,,B1_10/16_1,,
16,,,,,,,,,,
17,,,,,TOTAL,7613.3,38066.5,,,
0,D1_23/16_1,0 -- 18,-,-,-,0.0,0.0,,,
1,,,,,,,,,,
2,D1_23/16_2,18 -- 30,RC,RG,6~7,911.3,4556.5,RG22289,,
3,,,,,,,,,,
4,D1_23/16_3,30 -- 43,RC,RG,6~7,915.0,4575.0,RG22289,,
5,,,,,,,,,,
6,D1_23/16_4,43 -- 55,RC,RG,6~7,916.5,4582.5,RG22289,,
7,,,,,,,,Ni - 43,,
8,D1_23/16_5,55 -- 68,RC,RG,6~7,873.5,4367.5,RG22289,,
9,,,,,,,,,,
10,D1_23/16_6,68 -- 79,RC,RG,7~8,817.4,4087.0,RG22290,,
11,,,,,,,,,,
12,,,,,TOTAL,4433.7,22168.5,,,
0,B1_25/16_1,0 -- 15,RC,RG,3~5,1213.2,6066.0,RG6176,,
1,,,,,,,,B1_12/16_7,,
2,B1_25/16_2,15 -- 26,RC,PF-OT,14*10,874.0,4370.0,PF15419,,
3,,,,,,,,,,
4,B1_25/16_3,26 -- 38,RC,PF-OT,14*10,879.3,4396.5,PF15419,,
5,,,,,,,,,,
6,B1_25/16_4,38 -- 48,RC,PF-RD,13,752.1,3760.5,PF15422,,
7,,,,,,,,Ni - 38,,
8,B1_25/16_5,48 -- 58,RC,PF-RD,13,792.1,3960.5,PF15422,,
9,,,,,,,,,,
10,B1_25/16_6,58 -- 70,RC,PF-RD,13,907.8,4539.0,PF15397,,
11,,,,,,,,,,
12,B1_25/16_7,70 -- 82,RC,PF-RD,13,986.9,4934.5,PF15397,,
13,,,,,,,,,,
14,B1_25/16_8,82 -- 98,RC,RG,3~5,1220.0,6100.0,RG6176,,
15,,,,,,,,B1_12/16_1,,
16,,,,,,,,,,
17,,,,,TOTAL,7625.4,38127.0,,,
0,B1_27/16_1,0 -- 16,RC,RG,2~3,1249.9,6249.5,RG6209,,
1,,,,,,,,,,
2,B1_27/16_2,16 -- 25,MC,OV,FREE,614.7,3073.5,CUT30249,,
3,,,,,,,,,,
4,B1_27/16_3,25 -- 36,SC,OV,FREE,929.6,4648.0,CUT30380,,
5,,,,,,,,,,
6,B1_27/16_4,36 -- 51,MC,OV,FREE,1236.6,6183.0,CUT30287,,
7,,,,,,,,Ni - 36,,
8,B1_27/16_5,51 -- 60,MC,CU,16*12,715.0,3575.0,CUT30347,,
9,,,,,,,,,,
10,B1_27/16_6,60 -- 68,SC,OV,18*13,563.7,2818.5,CUT30379,,
11,,,,,,,,,,
12,B1_27/16_7,68 -- 80,MC,OV,20*15,1052.8,5264.0,CUT30286,,
13,,,,,,,,,,
14,B1_27/16_8,80 -- 97,RC,RG,2~3,1266.4,6332.0,RG6209,,
15,,,,,,,,,,
16,,,,,TOTAL,7628.7,38143.5,,,
0,D1_27/16_1,0 -- 18,-,-,-,0.0,0.0,,,
1,,,,,,,,,,
2,D1_27/16_2,18 -- 30,RC,RG,2~3,979.7,4898.5,RG6209,,
3,,,,,,,,,,
4,D1_27/16_3,30 -- 43,RC,RG,2~3,990.6,4953.0,RG6209,,
5,,,,,,,,,,
6,D1_27/16_4,43 -- 56,RC,RG,2~3,998.5,4992.5,RG6209,,
7,,,,,,,,Ni - 43,,
8,D1_27/16_5,56 -- 68,RC,RG,2~3,997.3,4986.5,RG6209,,
9,,,,,,,,,,
10,D1_27/16_6,68 -- 84,RC,RG,2~3,1194.4,5972.0,RG6209,,
11,,,,,,,,,,
12,,,,,TOTAL,5160.5,25802.5,,,
0,B1_31/16_1,0 -- 16,RC,RG,2~3,1251.4,6257.0,RG6209,,
1,,,,,,,,,,
2,B1_31/16_2,16 -- 26,RC,PF-OV,12*10,720.7,3603.5,CPFOV12X10RC,,
3,,,,,,,,,,
4,B1_31/16_3,26 -- 34,RC,PF-OV,10*8,516.7,2583.5,CPFOV10X8RC,,
5,,,,,,,,,,
6,B1_31/16_4,34 -- 40,RC,PF-BG,8*4,450.5,2252.5,CPFBG8X4RC,,
7,,,,,,,,NI - 34,,
8,B1_31/16_5,40 -- 50,MC,PF-BG,10*5,712.3,3561.5,CPFBG10X5MC,,
9,,,,,,,,,,
10,B1_31/16_6,50 -- 57,RC,PF-BG,12*6,508.5,2542.5,CPFBG12X6RC,,
11,,,,,,,,,,
12,B1_31/16_7,57 -- 65,MC,PF-BG,15*7,503.3,2516.5,CPFBG15X7MC,,
13,,,,,,,,,,
14,B1_31/16_8,65 -- 72,RC,PF-CU,14*12,481.0,2405.0,CPFCU14X12RC,,
15,,,,,,,,,,
16,B1_31/16_9,72 -- 80,RC,PF-RD,16,527.3,2636.5,CPFRD16RC,,
17,,,,,,,,,,
18,B1_31/16_10,80 -- 96,RC,RG,2~3,1256.2,6281.0,RG6209,,
19,,,,,,,,,,
20,,,,,TOTAL,6927.9,34639.5,,,
0,B1_34/16_1,0 -- 16,RC,RG,2~3,1255.4,6277.0,RG6209,,
1,,,,,,,,,,
2,B1_34/16_2,16 -- 27,MC,PF-OT-RE,190~210,602.9,3014.5,PF15032,,
3,,,,,,,,,,
4,B1_34/16_3,27 -- 40,MC,PF-OV-RE,16*12,1017.5,5087.5,PF13036,,
5,,,,,,,,,,
6,B1_34/16_4,40 -- 50,SC,PF-MX-RE,MX,811.7,4058.5,PF12274,,
7,,,,,,,,NI - 40,,
8,B1_34/16_5,50 -- 57,MC,PF-OV-RE,6*4,601.9,3009.5,PF6910,,
9,,,,,,,,,,
10,B1_34/16_6,57 -- 68,SC,PF-MX-RE,MX,786.3,3931.5,PF12275,,
11,,,,,,,,,,
12,B1_34/16_7,68 -- 75,MC,PF-TR-RE,12,513.0,2565.0,PF13052,,
13,,,,,,,,,,
14,B1_34/16_8,75 -- 83,SC,PF-MX-RE,20~30,500.6,2503.0,PF12572,,
15,,,,,,,,,,
16,B1_34/16_9,83 -- 98,RC,RG,2~3,1250.0,6250.0,RG6209,,
17,,,,,,,,,,
18,,,,,TOTAL,7339.3,36696.5,,,
0,D1_34/16_1,0 -- 18,-,-,-,0.0,0.0,,,
1,,,,,,,,,,
2,D1_34/16_2,18 -- 31,SC,PF-MX-RE,MX,980.4,4902.0,PF12094,,
3,,,,,,,,,,
4,D1_34/16_3,31 -- 38,MC,PF-OV-RE,12*10,544.2,2721.0,PF7062,,
5,,,,,,,,,,
6,D1_34/16_4,38 -- 50,MC,PF-PS-RE,6*4,997.2,4986.0,PF6915,,
7,,,,,,,,NI - 38,,
8,D1_34/16_5,50 -- 58,RC,PF-CU-RE,7,601.8,3009.0,PF15112,,
9,,,,,,,,,,
10,D1_34/16_6,58 -- 68,RC,PF-PS-RE,MX,774.2,3871.0,PF12321,,
11,,,,,,,,,,
12,D1_34/16_7,68 -- 77,MC,PF-OV-RE,16*12,584.3,2921.5,PF13038,,
13,,,,,,,,,,
14,D1_34/16_8,77 -- 85,MC,PF-OT-RE,16*12,598.1,2990.5,PF12280,,
15,,,,,,,,,,
16,,,,,TOTAL,5080.2,25401.0,,,
0,B1_37/16_1,0 -- 16,RC,RG,2~3,1267.6,6338.0,RG6209,,
1,,,,,,,,,,
2,B1_37/16_2,16 -- 25,SC,PF-MX-RE,FREE,622.3,3111.5,PF12195,,
3,,,,,,,,,,
4,B1_37/16_3,25 -- 35,RC,PF-MX-RE,MX,676.8,3384.0,PF15212,,
5,,,,,,,,,,
6,B1_37/16_4,35 -- 44,RC,PF-MX-RE,MX,701.5,3507.5,PF15152,,
7,,,,,,,,Ni - 35,,
8,B1_37/16_5,44 -- 52,RC,PF-OV-RE,14*12,589.1,2945.5,PF15257,,
9,,,,,,,,,,
10,B1_37/16_6,52 -- 62,RC,PF-OV-RE,14*10,783.5,3917.5,PF15256,,
11,,,,,,,,,,
12,B1_37/16_7,62 -- 72,RC,PF-PS-RE,15*10,817.9,4089.5,PF15215,,
13,,,,,,,,,,
14,B1_37/16_8,72 -- 81,OLD,PF-OT-RE,12*10,610.2,3051.0,PF13068,,
15,,,,,,,,,,
16,B1_37/16_9,81 -- 97,RC,RG,2~3,1266.0,6330.0,RG6209,,
17,,,,,,,,,,
18,,,,,,,,,,
19,,,,,TOTAL,7334.9,36674.5,,,
0,B1_42/16_1,0 -- 17,RC,RG,2~3,1256.7,6283.5,RG6209,,
1,,,,,,,,,,
2,B1_42/16_2,17 -- 31,RC,RG,3~5,1068.4,5342.0,RG22256,,
3,,,,,,,,,,
4,B1_42/16_3,31 -- 34,RC,RG,2~3,238.3,1191.5,RG6209,,
5,,,,,,,,,,
6,B1_42/16_4,34 -- 44,MC,PF-PS,14*10,760.2,3801.0,CPFPS14X10MC,,
7,,,,,,,, NI - 34,,
8,B1_42/16_5,44 -- 58,RC,RG,2~3,1109.8,5549.0,RG5247,,
9,,,,,,,,,,
10,B1_42/16_6,58 -- 69,RC,RG,2~3,898.0,4490.0,RG5270,,
11,,,,,,,,,,
12,B1_42/16_7,69 -- 80,RC,PF-PS,14*10,842.1,4210.5,PF15469,,
13,,,,,,,,,,
14,B1_42/16_8,80 -- 96,RC,RG,2~3,1251.6,6258.0,RG6209,,
15,,,,,,,,,,
16,,,,,TOTAL,7425.1,37125.5,,,
0,D1_42/16_1,0 -- 18,-,-,-,0.0,0.0,,,
1,,,,,,,,,,
2,D1_42/16_2,18 -- 31,MD,PF-MX,5~9,1003.4,5017.0,C0018N,,
3,,,,,,,,,,
4,D1_42/16_3,31 -- 43,MD,PF-MX,5~9,1003.5,5017.5,C0018N,,
5,,,,,,,,,,
6,D1_42/16_4,43 -- 55,MD,PF-MX,5~9,1006.3,5031.5,C0018N,,
7,,,,,,,,NI - 43,,
8,D1_42/16_5,55 -- 68,MD,PF-MX,5~9,1009.5,5047.5,C0018N,,
9,,,,,,,,,,
10,D1_42/16_6,68 -- 80,MD,PF-MX,5~9,1003.2,5016.0,C0018N,,
11,,,,,,,,,,
12,,,,,TOTAL,5025.9,25129.5,,,
0,B1_44/16_1,0 -- 16,RC,RG,2~3,1137.1,5685.5,RG5278,,
1,,,,,,,,,,
2,B1_44/16_2,16 -- 29,RC,RG-RE,2~3,939.1,4695.5,RG6175,,
3,,,,,,,,,,
4,B1_44/16_3,29 -- 37,MC,PF-OT-RE,12*10,526.3,2631.5,PF12779,,
5,,,,,,,,,,
6,B1_44/16_4,37 -- 46,RC,RG-RE,5~9,689.8,3449.0,RG6222,,
7,,,,,,,,NI - 37,,
8,B1_44/16_5,46 -- 54,DC,PF-MX-RE,MX,478.9,2394.5,PF12917,,
9,,,,,,,,,,
10,B1_44/16_6,54 -- 65,RC,RG-RE,5~9,715.2,3576.0,RG6222,,
11,,,,,,,,,,
12,B1_44/16_7,65 -- 74,MC,PF-SQ-RE,14~16,709.2,3546.0,PF12764,,
13,,,,,,,,,,
14,B1_44/16_8,74 -- 83,MC,RG-RE,5~7,594.1,2970.5,RG10832,,
15,,,,,,,,,,
16,B1_44/16_9,83 -- 98,MD,PF-MX,1~2,1100.1,5500.5,C0018N,,
17,,,,,,,,,,
18,,,,,TOTAL,6889.8,34449.0,,,
0,D1_46/16_1,0 -- 18,-,-,-,0.0,0.0,,,
1,,,,,,,,,,
2,D1_46/16_2,18 -- 31,RC,RG-RE,2~3,1005.0,5025.0,RG6175,,
3,,,,,,,,,,
4,D1_46/16_3,31 -- 40,SC,PF-TR-RE,10,675.3,3376.5,PF12093,,
5,,,,,,,,,,
6,D1_46/16_4,40 -- 48,SC,PF-MX-RE,18~22,531.6,2658.0,PF12147,,
7,,,,,,,,NI - 40,,
8,D1_46/16_5,48 -- 57,RC,RG-RE,3~5,621.7,3108.5,RG6225,,
9,,,,,,,,,,
10,D1_46/16_6,57 -- 71,RC,RG-RE,3~5,1143.5,5717.5,RG6221,,
11,,,,,,,,,,
12,D1_46/16_7,71 -- 79,RC,RG-RE,6~7,500.3,2501.5,RG22151,,
13,,,,,,,,,,
14,,,,,TOTAL,4477.4,22387.0,,,
0,B1_48/16_1,0 -- 16,RC,RG,2~3,1266.4,6332.0,RG6209,,
1,,,,,,,,B1_27/16_8,,
2,B1_48/16_2,16 -- 25,RC,RG,2~3,672.5,3362.5,RG5311,,
3,,,,,,,,,,
4,B1_48/16_3,25 -- 32,RC,PF-OT,18*13,477.1,2385.5,CPFOT18X13RC,,
5,,,,,,,,,,
6,B1_48/16_4,32 -- 39,MC,PF-PS,8*6,487.4,2437.0,CPFPS8X6MC,,
7,,,,,,,,NI - 32,,
8,B1_48/16_5,39 -- 47,MC,PF-BG,10*5,604.8,3024.0,CPFBG10X5MC,,
9,,,,,,,,,,
10,B1_48/16_6,47 -- 59,MC,PF-BG,12*6,878.7,4393.5,PF15512,,
11,,,,,,,,,,
12,B1_48/16_7,59 -- 66,MC,PF-PS,12*8,583.2,2916.0,CPFPS12X8MC,,
13,,,,,,,,,,
14,B1_48/16_8,66 -- 73,RC,RG,2~3,451.8,2259.0,RG6253,,
15,,,,,,,,,,
16,B1_48/16_9,73 -- 76,RC,RG,2~3,165.3,826.5,RG5279,,
17,,,,,,,,,,
18,B1_48/16_10,76 -- 85,RC,PF-OV,16*12,759.3,3796.5,PF15516,,
19,,,,,,,,,,
20,B1_48/16_11,85 -- 100,RC,RG,2~3,1249.9,6249.5,RG6209,,
21,,,,,,,,B1_27/16_1,,
22,,,,,,,,,,
23,,,,,TOTAL,7596.4,37982.0,,,
0,B1_02/17_1,0 -- 15,RC,RG,2~3,1256.2,6281.0,RG6209,,
1,,,,,,,,B1_31/16_10,,
2,B1_02/17_2,15 -- 29,RC,RG-RE,2~3,1033.0,5165.0,RG6175,,
3,,,,,,,,,,
4,B1_02/17_3,29 -- 39,RC,RG-RE,2~3,754.8,3774.0,RG6175,,
5,,,,,,,,,,
6,B1_02/17_4,39 -- 48,RC,RG-RE,15~25,562.1,2810.5,RG6228,,
7,,,,,,,,NI - 39,,
8,B1_02/17_5,48 -- 54,BC,RG-RE,25~35,377.2,1886.0,RG20017,,
9,,,,,,,,,,
10,B1_02/17_6,54 -- 62,RC,RG-RE,2~3,572.2,2861.0,RG6175,,
11,,,,,,,,,,
12,B1_02/17_7,62 -- 68,RC,RG-RE,2~3,343.8,1719.0,RG6175,,
13,,,,,,,,,,
14,B1_02/17_8,68 -- 78,MC,PF-MX-RE,MX,818.5,4092.5,PF15193,,
15,,,,,,,,,,
16,B1_02/17_9,78 -- 86,RC,RG-RE,2~3,514.8,2574.0,RG6220,,
17,,,,,,,,,,
18,B1_02/17_10,86 -- 100,RC,RG,2~3,1251.4,6257.0,RG6209,,
19,,,,,,,,B1_31/16_1,,
20,,,,,,,,,,
21,,,,,TOTAL,7484.0,37420.0,,,
0,D1_05/17_1,0 -- 18,-,-,-,0.0,0.0,,,
1,,,,,,,,,,
2,D1_05/17_2,18 -- 35,SC,OT,25*18,1373.9,6869.5,CUT30533,,
3,,,,,,,,,,
4,D1_05/17_3,35 -- 46,SC,PS,14*10,973.1,4865.5,CUT30538,,
5,,,,,,,,,,
6,D1_05/17_4,46 -- 54,SC,OT,16*12,568.1,2840.5,CUT30529,,
7,,,,,,,,NI - 46,,
8,D1_05/17_5,54 -- 61,SC,OT,20*15,504.3,2521.5,CUT30531,,
9,,,,,,,,,,
10,D1_05/17_6,61 -- 72,MC,PF-BG,12*6,907.7,4538.5,PF15524,,
11,,,,,,,,,,
12,D1_05/17_7,72 -- 80,MC,PF-BG,15*7,567.5,2837.5,PF15525,,
13,,,,,,,,,,
14,,,,,TOTAL,4894.6,24473.0,,,
0,B1_07/17_1,0 -- 16,RC,RG,2~3,1250.0,6250.0,RG6209,,
1,,,,,,,,B1_34/16_9,,
2,B1_07/17_2,16 -- 25,MC,PF-OT,22*16,625.8,3129.0,CPFOT22X16MC,,
3,,,,,,,,,,
4,B1_07/17_3,25 -- 33,MC,PF-OV,14*10,567.5,2837.5,CPFOV14X10MC,,
5,,,,,,,,,,
6,B1_07/17_4,33 -- 40,MC,PF-SQ,10,515.7,2578.5,CPFSQ10MC,,
7,,,,,,,,NI - 33,,
8,B1_07/17_5,40 -- 48,MC,PF-OV,12*10,565.3,2826.5,CPFOV12X10MC,,
9,,,,,,,,,,
10,B1_07/17_6,48 -- 58,MC,PF-PS,14*10,798.9,3994.5,CPFPS14X10MC,,
11,,,,,,,,,,
12,B1_07/17_7,58 -- 65,MC,PF-OT,14*12,504.0,2520.0,CPFOT14X12MC,,
13,,,,,,,,,,
14,B1_07/17_8,65 -- 76,MC,PF-OT,16*12,830.5,4152.5,CPFOT16X12MC,,
15,,,,,,,,,,
16,B1_07/17_9,76 -- 85,MC,PF-HS,FREE,607.1,3035.5,CPFHSFREEMC,,
17,,,,,,,,,,
18,B1_07/17_10,85 -- 100,RC,RG,2~3,1255.4,6277.0,RG6209,,
19,,,,,,,,B1_34/16_1,,
20,,,,,,,,,,
21,,,,,TOTAL,7520.2,37601.0,,,
0,B1_11/17_1,0 -- 16,RC,RG,2~3,1266.0,6330.0,RG6209; ,,
1,,,,,,,,B1_37/16_9,,
2,B1_11/17_2,16 -- 25,RC,CU,14*10,717.1,3585.5,CU14X10RC,,
3,,,,,,,,,,
4,B1_11/17_3,25 -- 35,SC,RD,12,898.2,4491.0,RD12SC,,
5,,,,,,,,,,
6,B1_11/17_4,35 -- 43,RC,PS,10*7,524.9,2624.5,PS10X7RC; ,,
7,,,,,,,,NI - ,,
8,B1_11/17_5,43 -- 54,RC,PS,11*7,944.6,4723.0,PS11X7RC,,
9,,,,,,,,,,
10,B1_11/17_6,54 -- 64,RC,OV,12X10,876.3,4381.5,OV12X10RC,,
11,,,,,,,,,,
12,B1_11/17_7,64 -- 72,RC,OV,14*10,593.2,2966.0,OV14X10RC,,
13,,,,,,,,,,
14,B1_11/17_8,72 -- 69,SC,OV,25X18,523.5,2617.5,OV25X18SC,,
15,,,,,,,,,,
16,B1_11/17_9,69 -- 94,RC,RG,2~3,1267.6,6338.0,RG6209; ,,
17,,,,,,,,B1_37/16_1,,
18,,,,,,,,,,
19,,,,,TOTAL,7611.4,38057.0,,,
0,D1_11/17_1,0 -- 18,-,-,-,0.0,0.0,,,
1,,,,,,,,,,
2,D1_11/17_2,18 -- 31,RC,PS,12*8,1132.6,5663.0,PS12X8RC,,
3,,,,,,,,,,
4,D1_11/17_3,31 -- 37,RC,TR,10,486.5,2432.5,TR10RC,,
5,,,,,,,,,,
6,D1_11/17_4,37 -- 48,RC,OV,9*7,852.7,4263.5,OV9X7RC; ,,
7,,,,,,,,NI - ,,
8,D1_11/17_5,48 -- 58,RC,OV,9*7,856.2,4281.0,OV9V7RC,,
9,,,,,,,,,,
10,D1_11/17_6,58 -- 71,RC,OV,10*8,1203.7,6018.5,OV10X8RC,,
11,,,,,,,,,,
12,D1_11/17_7,71 -- 82,RC,RD,8,961.1,4805.5,RD8RC,,
13,,,,,,,,,,
14,,,,,,,,,,
15,,,,,TOTAL,5492.8,27464.0,,,
0,B1_13/17_1,0 -- 15,RC,RG,2~3,1251.6,6258.0,RG6209,,
1,,,,,,,,B1_42/16_8,,
2,B1_13/17_2,15 -- 22,RC,OT,14X10,551.5,2757.5,CUT30542,,
3,,,,,,,,,,
4,B1_13/17_3,22 -- 23,MOC,MX,MX,19.4,97.0,MXMXMOC,,
5,,,,,,,,,,
6,B1_13/17_4,23 -- 30,RC,MQ,8*4,578.0,2890.0,MQ8X4RC,,
7,,,,,,,,NI - ,,
8,B1_13/17_5,30 -- 38,RC,MQ,10*5,626.9,3134.5,MQ10X5RC,,
9,,,,,,,,,,
10,B1_13/17_6,38 -- 45,RC,OV,7*5,553.7,2768.5,OV7X5RC,,
11,,,,,,,,,,
12,B1_13/17_7,45 -- 57,RC,CU,6,1085.0,5425.0,CU6RC,,
13,,,,,,,,,,
14,B1_13/17_8,57 -- 66,RC,PS,9*6,741.1,3705.5,PS9X6RC,,
15,,,,,,,,,,
16,B1_13/17_9,66 -- 77,RC,CU,6*4,993.3,4966.5,CU6X4RC,,
17,,,,,,,,,,
18,B1_13/17_10,77 -- 92,RC,RG,2~3,1256.7,6283.5,RG6209,,
19,,,,,,,,B1_42/16_1,,
20,,,,,,,,,,
21,,,,,TOTAL,7657.200000000001,38286.0,,,
0,B1_16/17_1,0 -- 14,MD,PF-MX,1~2,1100.1,5500.5,C0018N,,
1,,,,,,,,B1_44/16_9,,
2,B1_16/17_2,14 -- 24,RC,OT,12*10,852.2,4261.0,CUT30541,,
3,,,,,,,,,,
4,B1_16/17_3,24 -- 36,RC,CU,7*5,1000.6,5003.0,CU7X5RC,,
5,,,,,,,,,,
6,B1_16/17_4,36 -- 45,RC,MQ,6*3,720.2,3601.0,MQ6X3RC,,
7,,,,,,,,NI,,
8,B1_16/17_5,45 -- 54,RC,RD,4,756.1,3780.5,RD4RC,,
9,,,,,,,,,,
10,B1_16/17_6,54 -- 65,RC,CU,7*5,1005.4,5027.0,CU7X5RC,,
11,,,,,,,,,,
12,B1_16/17_7,65 -- 76,RC,CU,7*5,988.7,4943.5,CU7X5RC,,
13,,,,,,,,,,
14,B1_16/17_8,76 -- 86,RC,OT,12*10,845.8,4229.0,CUT30541,,
15,,,,,,,,,,
16,B1_16/17_9,86 -- 100,RC,RG,2~3,1137.1,5685.5,RG5278,,
17,,,,,,,,B1_44/16_1,,
18,,,,,,,,,,
19,,,,,TOTAL,8406.2,42031.0,,,
0,D1_17/17_1,0 -- 18,,,,,,,,
1,,,,,,,,,,
2,D1_17/17_2,18 -- 32,RC,RG,16~18,1075.9,5379.5,RG22486,,
3,,,,,,,,,,
4,D1_17/17_3,32 -- 40,MC,PF-OT,12*10,611.4,3057.0,CPFOT12X10MC,,
5,,,,,,,,,,
6,D1_17/17_4,40 -- 50,MC,PF-PS,12*8,789.6,3948.0,CPFPS12X8MC,,
7,,,,,,,,NI,,
8,D1_17/17_5,50 -- 60,MC,PF-BG,15*7,631.3,3156.5,CPFBG15X7MC,,
9,,,,,,,,,,
10,D1_17/17_6,60 -- 67,MC,PF-MQ,15*7,463.3,2316.5,CPFMQ16X8MC,,
11,,,,,,,,,,
12,D1_17/17_7,67 -- 75,RC,PF-OT,10*8,603.2,3016.0,CPFOT10X8RC,,
13,,,,,,,,,,
14,D1_17/17_8,75 -- 84,RC,PF-OV,11*9,710.5,3552.5,CPFOV11X9RC,,
15,,,,,,,,,,
16,,,,,,,,,,
17,,,,,TOTAL,4885.2,24426.0,,,
0,B1_19/17_1,0 -- 18,,,,,,,,
1,,,,,,,,,,
2,B1_19/17_2,18 -- 25,SC,PS,22*16,517.7,2588.5,PS22X16SC,,
3,,,,,,,,,,
4,B1_19/17_3,25 -- 34,SC,RD,13,731.0,3655.0,RD13SC,,
5,,,,,,,,,,
6,B1_19/17_4,34 -- 43,RC,MQ,16*8,843.0,4215.0,MQ16X8RC,,
7,,,,,,,,NI,,
8,B1_19/17_5,43 -- 50,SC,CU,10,499.9,2499.5,CU10SC,,
9,,,,,,,,,,
10,B1_19/17_6,50 -- 57,SC,OV,14*10,503.2,2516.0,OV14X10SC,,
11,,,,,,,,,,
12,B1_19/17_7,57 -- 63,RC,CU,12,495.9,2479.5,CU12RC,,
13,,,,,,,,,,
14,B1_19/17_8,63 -- 71,RC,CU,13,643.0,3215.0,CU13RC,,
15,,,,,,,,,,
16,B1_19/17_9,71 -- 79,SC,OT,18*13,600.8,3004.0,OT18X13SC,,
17,,,,,,,,,,
18,,,,,,,,,,
19,,,,,TOTAL,4834.5,24172.5,,,
0,B1_21/17_1,0 -- 15,RC,PF-OV,14*10,1204.5,6022.5,PF7565,,
1,,,,,,,,,,
2,B1_21/17_2,15 -- 25,RC,PF-OV,14*10,750.0,3750.0,PF7565,,
3,,,,,,,,,,
4,B1_21/17_3,25 -- 32,MC,P-PS,14*10,568.8,2844.0,PF15560,,
5,,,,,,,,,,
6,B1_21/17_4,32 -- 39,MC,PF-OT,8*6,516.4,2582.0,PF15548,,
7,,,,,,,,NI,,
8,B1_21/17_5,39 -- 47,MC,PF-BG,12*6,574.9,2874.5,PF15553,,
9,,,,,,,,,,
10,B1_21/17_6,47 -- 56,RC,PF-CU-BR,MX,714.4,3572.0,PF7576,,
11,,,,,,,,,,
12,B1_21/17_7,56 -- 63,RC,PF-MX-BR,MX,475.6,2378.0,PF7577,,
13,,,,,,,,,,
14,B1_21/17_8,63 -- 67,RC,PF-MX-BR,MX,283.4,1417.0,PF7581,,
15,,,,,,,,,,
16,B1_21/17_9,67 -- 75,RC,PF-MX-BRMX,,578.7,2893.5,PF7578,,
17,,,,,,,,,,
18,B1_21/17_10,75 -- 90,RC,PF-OV,14*10,1205.0,6025.0,PF7565,,
19,,,,,,,,,,
20,,,,,,,,,,
21,,,,,TOTAL,6871.7,34358.5,,,
0,D1_21/17_1,0 -- 18,,,,,,,,
1,,,,,,,,,,
2,D1_21/17_2,18 -- 28,RC,PF-OV,14*10,737.8,3689.0,PF7565,,
3,,,,,,,,,,
4,D1_21/17_3,28 -- 35,RC,PF-MX,MX,467.9,2339.5,PF7569,,
5,,,,,,,,,,
6,D1_21/17_4,35 -- 47,RC,PF-MX,MX,1006.6,5033.0,PF7556,,
7,,,,,,,,NI,,
8,D1_21/17_5,47 -- 57,RC,PF-CU,10,758.7,3793.5,PF7558,,
9,,,,,,,,,,
10,D1_21/17_6,57 -- 64,MC,PF-RD,10,539.3,2696.5,PF15552,,
11,,,,,,,,,,
12,D1_21/17_7,64 -- 71,MC,PF-PS,12*8,517.9,2589.5,PF15559,,
13,,,,,,,,,,
14,D1_21/17_8,71 -- 79,RC,PF-OV,12*10,539.9,2699.5,PF7563,,
15,,,,,,,,,,
16,,,,,,,,,,
17,,,,,TOTAL,4568.1,22840.5,,,
0,B1_25/17_1,0 -- 18,,,,,,,,
1,,,,,,,,,,
2,B1_25/17_2,18 -- 28,MC,PF-OV,FREE,685.8,3429.0,CPFOVFREEMC,,
3,,,,,,,,,,
4,B1_25/17_3,28 -- 38,MC,PF-OV,20*15,795.4,3977.0,CPFOV20X15MC,,
5,,,,,,,,,,
6,B1_25/17_4,38 -- 48,MC,PF-OT,14*10,731.1,3655.5,CPFOT14X10MC,,
7,,,,,,,,NI,,
8,B1_25/17_5,48 -- 54,MC,PF-OV,14*12,525.5,2627.5,CPFOV14X12MC,,
9,,,,,,,,,,
10,B1_25/17_6,54 -- 61,MC,PF-OT,16*12,489.3,2446.5,CPFOT16X12MC,,
11,,,,,,,,,,
12,B1_25/17_7,61 -- 69,MC,PF-OT,18*13,586.1,2930.5,CPFOT18X13MC,,
13,,,,,,,,,,
14,B1_25/17_8,69 -- 76,MC,PF-OT,20*15,525.0,2625.0,CPFOT20X15MC,,
15,,,,,,,,,,
16,B1_25/17_9,76 -- 84,MC,PF-OV,25*16,533.9,2669.5,CPFOV25X18MC,,
17,,,,,,,,,,
18,,,,,,,,,,
19,,,,,TOTAL,4872.099999999999,24360.5,,,
0,B1_28/17_1,0 -- 15,RC,RG,3~5,1203.2,6016.0,RG6349,,
1,,,,,,,,,,
2,B1_28/17_2,15 -- 22,MC,PF-HS,10,510.4,2552.0,CPFHS10MC,,
3,,,,,,,,,,
4,B1_28/17_3,22 -- 30,MC,PF-OV,10*8,651.0,3255.0,CPFOV10X8MC,,
5,,,,,,,,,,
6,B1_28/17_4,30 -- 37,MC,PF-OV,8*6,543.4,2717.0,CPFOV8X6MC,,
7,,,,,,,,NI,,
8,B1_28/17_5,37 -- 43,MC,PF-PS,8*6,490.5,2452.5,CPFPS8X6MC,,
9,,,,,,,,,,
10,B1_28/17_6,43 -- 50,MC,PF-RD,8,526.3,2631.5,CPFRD8MC,,
11,,,,,,,,,,
12,B1_28/17_7,50 -- 59,RC,OT,9*7,772.0,3860.0,OT9X7RC,,
13,,,,,,,,,,
14,B1_28/17_8,59 -- 69,RC,OT,11*9,786.5,3932.5,OT11X9RC,,
15,,,,,,,,,,
16,B1_28/17_9,69 -- 79,SC,SQ,12,781.8,3909.0,SQ12SC,,
17,,,,,,,,,,
18,B1_28/17_10,1201,RC,RG,3~5,1206.0,6030.0,RG6349,,
19,,,,,,,,,,
20,,,,,TOTAL,7471.1,37355.5,,,
0,D1_28/17_1,0 -- 15,RC,RG,3~5,1201.4,6007.0,RG6349,,
1,,,,,,,,,,
2,D1_28/17_2,15 -- 22,RC,PS,14*10,511.3,2556.5,PS14X10RC,,
3,,,,,,,,,,
4,D1_28/17_3,22 -- 30,SC,SQ,11,621.5,3107.5,SQ11SC,,
5,,,,,,,,,,
6,D1_28/17_4,30 -- 38,SC,SQ,7,641.8,3209.0,SQ7SC,,
7,,,,,,,,NI,,
8,D1_28/17_5,38 -- 50,RC,RD,8,1074.4,5372.0,RD8RC,,
9,,,,,,,,,,
10,D1_28/17_6,50 -- 56,SC,OV,10*8,501.2,2506.0,OV10X8SC,,
11,,,,,,,,,,
12,D1_28/17_7,56 -- 67,RC,SQ,9,901.5,4507.5,SQ9RC,,
13,,,,,,,,,,
14,D1_28/17_8,67 -- 74,RC,RD,10,556.7,2783.5,RD10RC,,
15,,,,,,,,,,
16,D1_28/17_9,74 -- 81,RC,OV,12*10,581.3,2906.5,OV12X10RC,,
17,,,,,,,,,,
18,D1_28/17_10,81 -- 96,RC,RG,3~5,1203.9,6019.5,RG6349,,
19,,,,,,,,,,
20,,,,,TOTAL,7795.0,38975.0,,,
0,B1_31/17_1,0 -- 16,MD,RG,5~9,1204.7,6023.5,RG6355,,
1,,,,,,,,,,
2,B1_31/17_2,16 -- 27,UN,OV,10*8,999.1,4995.5,C119007,,
3,,,,,,,,,,
4,B1_31/17_3,27 -- 38,UN,OV,10*8,999.2,4996.0,C119007,,
5,,,,,,,,,,
6,B1_31/17_4,38 -- 49,UN,OV,9*7,999.9,4999.5,C119014,,
7,,,,,,,,NI,,
8,B1_31/17_5,49 -- 60,UN,OV,9*7,1000.1,5000.5,C119014,,
9,,,,,,,,,,
10,B1_31/17_6,60 -- 71,UN,OV,10*8,999.2,4996.0,C119007,,
11,,,,,,,,,,
12,B1_31/17_7,71 -- 82,UN,OV,10*8,999.4,4997.0,C119007,,
13,,,,,,,,,,
14,B1_31/17_8,82 -- 98,MD,RG,5~9,1206.4,6032.0,RG6355,,
15,,,,,,,,,,
16,,,,,TOTAL,8408.0,42040.0,,,
0,B1_39/17_1,0 -- 15,RC,PF-OV,14*10,1205.0,6025.0,PF7565,,
1,,,,,,,,B1_21/17_10,,
2,B1_39/17_2,15 -- 30,MC,PF-OV,80CTSUP,1151.3,5756.5,PF15568,,
3,,,,,,,,,,
4,B1_39/17_3,30 -- 41,MC,PF-OT,80CTSUP,731.8,3659.0,PF16566,,
5,,,,,,,,,,
6,B1_39/17_4,41 -- 49,MC,PF-OT,9*7,553.4,2767.0,PF15564,,
7,,,,,,,,NI,,
8,B1_39/17_5,49 -- 57,MC,PF-OT,10*8,523.8,2619.0,PF15565,,
9,,,,,,,,,,
10,B1_39/17_6,57 -- 65,MC,PF-OV,11*9,531.8,2659.0,PF15567,,
11,,,,,,,,,,
12,B1_39/17_7,65 -- 71,RC,RG,3~5,315.6,1578.0,RG6349,,
13,,,,,,,,,,
14,B1_39/17_8,71 -- 83,MC,PF-PS,FREE,893.8,4469.0,PF15570,,
15,,,,,,,,,,
16,B1_39/17_9,83 -- 97,RC,PF-OV,14*10,1204.5,6022.5,PF7565,,
17,,,,,,,,B1_21/17_1,,
18,,,,,,,,,,
19,,,,,TOTAL,7111.000000000001,35555.0,,,
0,D1_39/17_1,0 -- 18,,,,,,,,
1,,,,,,,,,,
2,D1_39/17_2,18 -- 30,MC,PF-PS,80CTSUP,873.8,4369.0,PF15571,,
3,,,,,,,,,,
4,D1_39/17_3,30 -- 46,RC,PF-OV,18*13,1232.7,6163.5,PF15574,,
5,,,,,,,,,,
6,D1_39/17_4,46 -- 54,MC,PF-PS,12*8,600.6,3003.0,PF15569,,
7,,,,,,,,NI,,
8,D1_39/17_5,54 -- 65,RC,PF-OV,14*10,842.4,4212.0,PF15572,,
9,,,,,,,,,,
10,D1_39/17_6,65 -- 76,RC,PF-OV,16*12,920.0,4600.0,PF15573,,
11,,,,,,,,,,
12,D1_39/17_7,76 -- 88,MC,PF-PS,80CTSUP,873.3,4366.5,PF15571,,
13,,,,,,,,,,
14,,,,,,,,,,
15,,,,,TOTAL,5342.8,26714.0,,,
0,B1_41/17_1,0 -- 15,RC,RG,3~5,1206.0,6030.0,RG6349,,
1,,,,,,,,B1_28/17_10,,
2,B1_41/17_2,15 -- 22,MC,RD,15,533.1,2665.5,RD15MC,,
3,,,,,,,,,,
4,B1_41/17_3,22 -- 28,MC,OT,8*6,451.8,2259.0,OT8X6MC,,
5,,,,,,,,,,
6,B1_41/17_4,28 -- 32,OR,RD,3,218.3,1091.5,CUT12906,,
7,,,,,,,,NI,,
8,B1_41/17_5,32 -- 37,RC,RD,3.5,400.4,2002.0,CUT17340,,
9,,,,,,,,,,
10,B1_41/17_6,37 -- 45,RC,HS,5,657.4,3287.0,HS5RC,,
11,,,,,,,,,,
12,B1_41/17_7,45 -- 51,RC,CU,5,532.2,2661.0,CU5RC,,
13,,,,,,,,,,
14,B1_41/17_8,51 -- 56,RC,RD,5,400.4,2002.0,CUT17341,,
15,,,,,,,,,,
16,B1_41/17_9,56 -- 65,RC,PS,6*4,800.5,4002.5,CUT17337,,
17,,,,,,,,,,
18,B1_41/17_10,65 -- 75,RC,RD,6,800.8,4004.0,CUT17342,,
19,,,,,,,,,,
20,B1_41/17_11,75 -- 80,RC,TR,7,329.5,1647.5,TR7RC,,
21,,,,,,,,,,
22,B1_41/17_12,80 -- 95,RC,RG,3~5,1203.2,6016.0,RG6349,,
23,,,,,,,,B1_28/17_1,,
24,,,,,,,,,,
25,,,,,TOTAL,7533.6,26000.5,,,
0,B1_43/17_1,0 -- 16,MC,RG,3~5,1202.7,6013.5,RG22497,,
1,,,,,,,,,,
2,B1_43/17_2,16 -- 29,RC,RD,11,1126.7,5633.5,CUT30617,,
3,,,,,,,,,,
4,B1_43/17_3,29 -- 41,RC,OV,9*7,1122.5,5612.5,OV9X7RC,,
5,,,,,,,,,,
6,B1_43/17_4,41 -- 49,RC,OV,7*5,626.4,3132.0,OV7X5RC,,
7,,,,,,,,NI,,
8,B1_43/17_5,49 -- 52,UN,OV,8*6,200.1,1000.5,C119013,,
9,,,,,,,,,,
10,B1_43/17_6,52 -- 63,RC,RD,9,1018.9,5094.5,RD9RC,,
11,,,,,,,,,,
12,B1_43/17_7,63 -- 71,MC,OT,14*10,722.9,3614.5,CUT30606,,
13,,,,,,,,,,
14,B1_43/17_8,71 -- 81,RC,RD,14,830.3,4151.5,CUT30620,,
15,,,,,,,,,,
16,B1_43/17_11,81 -- 96,RC,PF-OV,12*10,1208.9,6044.5,PF7544,,
17,,,,,,,,,,
18,,,,,TOTAL,8059.4,40297.0,,,
0,D1_43/17_1,0 -- 15,RC,PF-OV,14*10,1259.4,6297.0,PF7545,,
1,,,,,,,,,,
2,D1_43/17_2,15 -- 25,MC,RD,11,805.9,4029.5,CUT30609,,
3,,,,,,,,,,
4,D1_43/17_3,25 -- 37,RC,OV,11*9,1078.1,5390.5,OV11X9RC,,
5,,,,,,,,,,
6,D1_43/17_4,37 -- 49,RC,OV,7*5,1152.5,5762.5,OV7X5RC,,
7,,,,,,,,NI,,
8,D1_43/17_5,49 -- 52,UN,OV,8*6,199.9,999.5,C119013,,
9,,,,,,,,,,
10,D1_43/17_6,52 -- 57,RC,OV,7*5,384.4,1922.0,OV7X5RC,,
11,,,,,,,,,,
12,D1_43/17_7,57 -- 67,RC,OV,10*8,926.3,4631.5,OV10X8RC,,
13,,,,,,,,,,
14,D1_43/17_8,67 -- 79,RC,RD,12,1060.5,5302.5,CUT30618,,
15,,,,,,,,,,
16,D1_43/17_9, -- ,RC,PF-OV,14*10,1265.0,6325.0,PF7545,,
17,,,,,,,,,,
18,,,,,TOTAL,8131.999999999999,40660.0,,,
0,B1_48/17_1,0 -- 15,MD,RG,5~9,1206.4,6032.0,RG6355,,
1,,,,,,,,B1_31/17_8,,
2,B1_48/17_2,15 -- 19,RC,RD,8,207.3,1036.5,RD8RC,,
3,,,,,,,,,,
4,B1_48/17_3,19 -- 28,RC,CU,9*7,739.5,3697.5,CU9X7RC,,
5,,,,,,,,,,
6,B1_48/17_4,28 -- 32,SC,OT,8*6,207.4,1037.0,OT8X6SC,,
7,,,,,,,,NI,,
8,B1_48/17_5,32 -- 36,RC,CU,7,247.7,1238.5,CU7RC,,
9,,,,,,,,,,
10,B1_48/17_6,36 -- 44,RC,SQ,7,593.7,2968.5,SQ7RC,,
11,,,,,,,,,,
12,B1_48/17_7,44 -- 50,RC,CU,8,411.7,2058.5,CU8RC,,
13,,,,,,,,,,
14,B1_48/17_8,50 -- 55,RC,SQ,8,384.1,1920.5,SQ8RC,,
15,,,,,,,,,,
16,B1_48/17_9,55 -- 60,RC,CU,9,359.0,1795.0,CU9RC,,
17,,,,,,,,,,
18,B1_48/17_10,60 -- 62,RC,CU,10,93.2,466.0,CU10RC,,
19,,,,,,,,,,
20,B1_48/17_11,62 -- 69,MC,PF-BG,16*8,486.9,2434.5,CPFBG16X8MC,,
21,,,,,,,,,,
22,B1_48/17_12,69 -- 77,MC,PF-RD,10,564.1,2820.5,CPFRD10MC,,
23,,,,,,,,,,
24,B1_48/17_13,77 -- 84,MC,PF-SQ,11,496.1,2480.5,CPFSQ11MC,,
25,,,,,,,,,,
26,B1_48/17_14,84 -- 98,MD,RG,5~9,1204.7,6023.5,RG6355,,
27,,,,,,,,B1_31/17_1,,
28,,,,,TOTAL,7201.799999999999,36009.0,,,
0,D1_51/17_1,0 -- 14,RC,RG,3~5,1203.9,6019.5,RG6349,,
1,,,,,,,,D1_28/17_8,,
2,D1_51/17_2,14 -- 20,MC,PF-SQ,12,421.0,2105.0,CPFSQ12MC,,
3,,,,,,,,,,
4,D1_51/17_3,20 -- 26,RC,SQ,12,481.2,2406.0,SQ12RC,,
5,,,,,,,,,,
6,D1_51/17_4,26 -- 36,RC,PS,6*4,800.1,4000.5,PS6X4RC,,
7,,,,,,,,NI,,
8,D1_51/17_5,36 -- 44,RC,PS,6*4,653.6,3268.0,PS6X4RC,,
9,,,,,,,,,,
10,D1_51/17_6,44 -- 47,SC,OT,10*8,212.0,1060.0,OT10X8SC,,
11,,,,,,,,,,
12,D1_51/17_7,47 -- 53,RC,OT,11*9,417.2,2086.0,OT11X9RC,,
13,,,,,,,,,,
14,D1_51/17_8,53 -- 61,SC,OT,11*9,672.8,3364.0,OT11X9SC,,
15,,,,,,,,,,
16,D1_51/17_9,61 -- 67,MC,PF-OT,11*9,371.7,1858.5,CPFOT11X9MC,,
17,,,,,,,,,,
18,D1_51/17_10,67 -- 72,MC,OT,12*10,343.3,1716.5,OT12X10MC,,
19,,,,,,,,,,
20,D1_51/17_11,72 -- 79,MC,PF-HS,11,561.8,2809.0,CPFHS11MC,,
21,,,,,,,,,,
22,D1_51/17_12,79 -- 93,RC,RG,3~5,1201.4,6007.0,RG6349,,
23,,,,,,,,D1_28/17_1,,
24,,,,,TOTAL,7340.0,36700.0,,,
0,B1_52/17_1,0 -- 18,,,,,,,,
1,,,,,,,,,,
2,B1_52/17_2,18 -- 30,UN,OV,9*7,1000.4,5002.0,C119014,,
3,,,,,,,,,,
4,B1_52/17_3,30 -- 42,UN,OV,9*7,1000.4,5002.0,C119014,,
5,,,,,,,,,,
6,B1_52/17_4,42 -- 54,UN,OV,8*6,1000.2,5001.0,C119038,,
7,,,,,,,,NI,,
8,B1_52/17_5,54 -- 66,UN,OV,9*7,1000.2,5001.0,C119014,,
9,,,,,,,,,,
10,B1_52/17_6,66 -- 78,UN,OV,9*7,999.8,4999.0,C119014,,
11,,,,,,,,,,
12,,,,,TOTAL,5001.0,25005.0,,,
0,B1_04/18_1,0 -- 18,,,,,,,,
1,,,,,,,,,,
2,B1_04/18_2,18 -- 27,MC,TR-RE,7,756.1,3780.5,TR7MC,,
3,,,,,,,,,,
4,B1_04/18_3,27 -- 40,RC,OT-RE,8*6,1153.2,5766.0,OT8X6RC,,
5,,,,,,,,,,
6,B1_04/18_4,40 -- 48,MX,RD-RE,3,696.1,3480.5,RD3MX,,
7,,,,,,,,NI,,
8,B1_04/18_5,48 -- 59,RC,SQ-RE,5,967.9,4839.5,SQ5RC,,
9,,,,,,,,,,
10,B1_04/18_6,59 -- 72,RC,OT-RE,8*6,1188.0,5940.0,OT8X6RC,,
11,,,,,,,,,,
12,B1_04/18_7,72 -- 82,MC,TR-RE,7,818.3,4091.5,TR7MC,,
13,,,,,,,,,,
14,,,,,,,,,,
15,,,,,TOTAL,5579.6,27898.0,,,
0,D1_06/18_1,0 -- 15,RC,PF-OV,14*10,1265.0,6325.0,PF7545,,
1,,,,,,,,D1_43/17_9,,
2,D1_06/18_2,15 -- 27,RC,RD,10,1034.0,5170.0,RD10RC,,
3,,,,,,,,,,
4,D1_06/18_3,27 -- 35,MC,RD,9,637.4,3187.0,CUT30643,,
5,,,,,,,,,,
6,D1_06/18_4,35 -- 42,RC,RD,7,443.7,2218.5,RD7RC,,
7,,,,,,,,NI,,
8,D1_06/18_5,42 -- 52,RC,RD,9,809.7,4048.5,RD9RC,,
9,,,,,,,,,,
10,D1_06/18_6,52 -- 62,RC,RD,9,817.6,4088.0,RD9RC,,
11,,,,,,,,,,
12,D1_06/18_7,62 -- 76,RC,PF-RD,9,1124.1,5620.5,PF15597,,
13,,,,,,,,,,
14,D1_06/18_8,76 -- 80,SC,RD,9,264.7,1323.5,RD9SC,,
15,,,,,,,,,,
16,D1_06/18_9,80 -- 95,RC,PF-OV,14*10,1259.4,6297.0,PF7545,,
17,,,,,,,,D1_43/17_1,,
18,,,,,,,,,,
19,,,,,TOTAL,7655.6,38278.0,,,
0,B1_10/18_1,0 -- 18,,,,,,,,
1,,,,,,,,,,
2,B1_10/18_2,18 -- 26,RC,RG-RE,25~30,457.3,2286.5,RG22418,,
3,,,,,,,,,,
4,B1_10/18_3,26 -- 34,MC,RG-RE,70~80,440.7,2203.5,RG10770,,
5,,,,,,,,,,
6,B1_10/18_4,34 -- 43,RC,RG-RE,20~25,605.2,3026.0,RG22423,,
7,,,,,,,,NI,,
8,B1_10/18_5,43 -- 51,MC,PF-TR-RE,FREE,502.1,2510.5,PF15515,,
9,,,,,,,,,,
10,B1_10/18_6,51 -- 59,MC,PF-CU-RE,FREE,514.7,2573.5,CPFSQCUFREEMC,,
11,,,,,,,,,,
12,B1_10/18_7,59 -- 64,OLD,RG-RE,20~25,301.8,1509.0,RG11520,,
13,,,,,,,,,,
14,B1_10/18_8,64 -- 67,RC,RG-RE,30~45,107.5,537.5,RG22039,,
15,,,,,,,,,,
16,B1_10/18_9,67 -- 70,RC,PF-MX-RE,MX,162.0,810.0,PF12276,,
17,,,,,,,,,,
18,B1_10/18_10,70 -- 72,RC,RG-RE,15UP,169.6,848.0,RG10973,,
19,,,,,,,,,,
20,B1_10/18_11,72 -- 74,RC,PF-MX-RE,FREE,84.0,420.0,PF15231,,
21,,,,,,,,,,
22,B1_10/18_12,74 -- 84,MC,OT-RE,FREE,775.7,3878.5,CUT30285,,
23,,,,,,,,,,
24,,,,,TOTAL,4120.6,20603.0,,,
0,D1_18/18_1,0 -- 18,,,,,,,,
1,,,,,,,,,,
2,D1_18/18_2,18 -- 25,NC,RD,15,519.9,2599.5,C004040,,
3,,,,,,,,,,
4,D1_18/18_3,25 -- 32,NC,RD,14,518.9,2594.5,C004039,,
5,,,,,,,,,,
6,D1_18/18_4,32 -- 40,NC,CU,11,700.3,3501.5,C004006,,
7,,,,,,,,NI,,
8,D1_18/18_5,40 -- 48,NC,CU,11,699.1,3495.5,C004006,,
9,,,,,,,,,,
10,D1_18/18_6,48 -- 56,NC,RD,12,693.0,3465.0,C004037,,
11,,,,,,,,,,
12,D1_18/18_7,56 -- 64,NC,RD,13,663.0,3315.0,C004038,,
13,,,,,,,,,,
14,D1_18/18_8,64 -- 72,NC,RD,13,661.6,3308.0,C004038,,
15,,,,,,,,,,
16,D1_18/18_9,72 -- 80,NC,CU,14,688.3,3441.5,C004009,,
17,,,,,,,,,,
18,,,,,,,,,,
19,,,,,TOTAL,5144.1,25720.5,,,
0,B1_19/18_1,0 -- 14,RC,PF-OV,12*10,1208.9,6044.5,PF7544,,
1,,,,,,,,B1_43/17_11,,
2,B1_19/18_2,14 -- 28,MC,OV,10*8,1250.3,6251.5,OV10X8MC,,
3,,,,,,,,,,
4,B1_19/18_3,28 -- 35,MC,RD,8,524.5,2622.5,CUT30653,,
5,,,,,,,,,,
6,B1_19/18_4,35 -- 45,RC,HS,4,818.5,4092.5,HS4RC,,
7,,,,,,,,NI,,
8,B1_19/18_5,45 -- 55,RC,HS,4,860.3,4301.5,HS4RC,,
9,,,,,,,,,,
10,B1_19/18_6,55 -- 61,MC,PF-OV,8*6,294.0,1470.0,CPFOV8X6MC,,
11,,,,,,,,,,
12,B1_19/18_7,61 -- 70,MC,OT,9*7,701.5,3507.5,OT9X7MC,,
13,,,,,,,,,,
14,B1_19/18_8,70 -- 79,MC,OT,9*7,699.5,3497.5,OT9X7MC,,
15,,,,,,,,,,
16,B1_19/18_9,79 -- 93,MC,RG,3~5,1202.7,6013.5,RG22497,,
17,,,,,,,,B1_43/17_1,,
18,,,,,,,,,,
19,,,,,TOTAL,7560.2,37801.0,,,
0,B1_26/18_1,0 -- 18,,,,,,,,
1,,,,,,,,,,
2,B1_26/18_2,18 -- 26,MD,RG,5~9,572.9,2864.5,RG6355,,
3,,,,,,,,,,
4,B1_26/18_3,26 -- 40,MC,RG,3~5,1045.3,5226.5,RG22523,,
5,,,,,,,,,,
6,B1_26/18_4,40 -- 52,UN,MQ,5*2.5,999.9,4999.5,C119005,,
7,,,,,,,,NI,,
8,B1_26/18_5,52 -- 65,MC,RG,3~5,995.7,4978.5,RG22523,,
9,,,,,,,,,,
10,B1_26/18_6,65 -- 79,RC,RG,5~9,1112.0,5560.0,RG6350,,
11,,,,,,,,,,
12,,,,,,,,,,
13,,,,,TOTAL,4725.8,23629.0,,,
0,D1_28/18_1,0 -- 18,,,,,,,,
1,,,,,,,,,,
2,D1_28/18_2,18 -- 23,RC,OV-RE,9*7,329.1,1645.5,OV9X7RC,,
3,,,,,,,,,,
4,D1_28/18_3,23 -- 27,RC,OT-RE,9*7,258.3,1291.5,OT9X7RC,,
5,,,,,,,,,,
6,D1_28/18_4,27 -- 37,RC,MQ-RE,4*2,817.1,4085.5,CUT17327,,
7,,,,,,,,NI,,
8,D1_28/18_5,37 -- 44,MC,RD-RE,2,540.6,2703.0,CUT10498IN,,
9,,,,,,,,,,
10,D1_28/18_6,44 -- 51,MC,RD-RE,2,510.3,2551.5,CUT10502IN,,
11,,,,,,,,,,
12,D1_28/18_7,51 -- 58,MC,RD-RE,2,523.9,2619.5,CU10500IN,,
13,,,,,,,,,,
14,D1_28/18_8,58 -- 67,RC,MQ-RE,5*2.5,772.3,3861.5,CUT17321,,
15,,,,,,,,,,
16,D1_28/18_9,67 -- 75,RC,RD-RE,4,597.5,2987.5,RD4RC,,
17,,,,,,,,,,
18,D1_28/18_10,75 -- 80,SC,OT-RE,9*7,347.5,1737.5,OT9X7SC,,
19,,,,,,,,,,
20,,,,,,,,,,
21,,,,,TOTAL,4696.6,23483.0,,,
0,B1_31/18_1,0 -- 18,,,,,,,,
1,,,,,,,,,,
2,B1_31/18_2,18 -- 28,RC,RG-RE,5~9,687.6,3438.0,RG6222,,
3,,,,,,,,,,
4,B1_31/18_3,28 -- 38,RC,RG-RE,3~5,700.7,3503.5,RG5824,,
5,,,,,,,,,,
6,B1_31/18_4,38 -- 49,RC,RG-RE,3~5,761.7,3808.5,RG6221,,
7,,,,,,,,NI,,
8,B1_31/18_5,49 -- 61,RC,RG-RE,3~5,941.9,4709.5,RG6225,,
9,,,,,,,,,,
10,B1_31/18_6,61 -- 73,RC,RG-RE,3~5,929.8,4649.0,RG5824,,
11,,,,,,,,,,
12,B1_31/18_7,73 -- 80,RC,RG-RE,3~5,377.1,1885.5,RG6176,,
13,,,,,,,,,,
14,,,,,,,,,,
15,,,,,TOTAL,4398.8,21994.0,,,
0,B1_40/18_1,0 -- 17,,RG,9~15,1208.1,6040.5,RG22518,,
1,,,,,,,,,,
2,B1_40/18_2,17 -- 31,RC,OT-re,10*8,1230.0,6150.0,OT10X8RC,,
3,,,,,,,,,,
4,B1_40/18_3,31 -- 38,S.C.,OT-RE,10*8,514.2,2571.0,OT10X8SC,,
5,,,,,,,,,,
6,B1_40/18_4,38 -- 49,RC,PS-RE,4*3,942.4,4712.0,CUT17322,,
7,,,,,,,,NI,,
8,B1_40/18_5,49 -- 57,RC,PS-RE,5*3,668.2,3341.0,CUT16740,,
9,,,,,,,,,,
10,B1_40/18_6,57 -- 66,RC,PS-RE,9*6,738.3,3691.5,PS9X6RC,,
11,,,,,,,,,,
12,B1_40/18_7,66 -- 69,RC,OT-RE,9*7,186.9,934.5,OT9X7RC,,
13,,,,,,,,,,
14,B1_40/18_8,69 -- 76,RC,PS-RE,10*7,542.4,2712.0,PS10X7RC,,
15,,,,,,,,,,
16,B1_40/18_9,76 -- 86,MC,OT-RE,10*8,831.6,4158.0,CUT30580,,
17,,,,,,,,,,
18,B1_40/18_10,86 -- 103,,RG,9~15,1209.4,6047.0,RG22518,,
19,,,,,,,,,,
20,,,,,TOTAL,8071.5,40357.5,,,
0,D1_45/18_1,0 -- 15,,RG,3~5,1052.4,5262.0,RG22511,,
1,,,,,,,,,,
2,D1_45/18_2,15 -- 28,RC,RG-RE,2~3,1020.1,5100.5,RG6175,,
3,,,,,,,,,,
4,D1_45/18_3,28 -- 40,RC,RG-RE,2~3,904.5,4522.5,RG22255,,
5,,,,,,,,,,
6,D1_45/18_4,40 -- 52,RC,RG-RE,2~3,945.4,4727.0,RG6175,,
7,,,,,,,,NI,,
8,D1_45/18_5,52 -- 63,RC,RG-RE,2~3,936.0,4680.0,RG6175,,
9,,,,,,,,,,
10,D1_45/18_6,63 -- 75,RC,RG-RE,2~3,951.5,4757.5,RG6175,,
11,,,,,,,,,,
12,D1_45/18_7,75 -- 81,RC,RG-RE,2~3,389.7,1948.5,RG6175,,
13,,,,,,,,,,
14,D1_45/18_8,81 -- 95,,RG,3~5,1033.8,5169.0,RG22511,,
15,,,,,,,,,,
16,,,,,TOTAL,7233.4,36167.0,,,
0,B1_48/18_1,0 -- 13,MZ,RG,3~5,956.2,4781.0,RG6322,,
1,,,,,,,,,,
2,B1_48/18_2,13 -- 23,RC,RG-RE,5~6,675.1,3375.5,RG22140,,
3,,,,,,,,,,
4,B1_48/18_3,23 -- 37,RC,RG-RE,2~3,1081.5,5407.5,RG6175,,
5,,,,,,,,,,
6,B1_48/18_4,37 -- 49,RC,RG-RE,2~3,937.5,4687.5,RG6175,,
7,,,,,,,,NI,,
8,B1_48/18_5,49 -- 61,RC,RG-RE,2~3,937.1,4685.5,RG6175,,
9,,,,,,,,,,
10,B1_48/18_6,61 -- 74,RC,RG-RE,2~3,1084.6,5423.0,RG6175,,
11,,,,,,,,,,
12,B1_48/18_7,74 -- 86,MC,RG-RE,14~16,785.2,3926.0,RG22193,,
13,,,,,,,,,,
14,B1_48/18_8,86 -- 99,MZ,RG,3~5,964.0,4820.0,RG6322,,
15,,,,,,,,,,
16,,,,,TOTAL,7421.2,37106.0,,,
0,B1_02/19_1,0 -- 16,,RG,9~15,1209.4,6047.0,RG22518,,
1,,,,,,,,B1_40/18_10,,
2,B1_02/19_2,16 -- 33,MZ,RG,35~50,1167.9,5839.5,RG6327,,
3,,,,,,,,,,
4,B1_02/19_3,33 -- 41,MZ,RG,50+,486.1,2430.5,RG6328,,
5,,,,,,,,,,
6,B1_02/19_4,41 -- 52,MZ,RG,2~3,793.0,3965.0,RG6321,,
7,,,,,,,,NI,,
8,B1_02/19_5,52 -- 63,,RG,15+,772.4,3862.0,RG22529,,
9,,,,,,,,,,
10,B1_02/19_6,63 -- 79,MZ,RG,25~35,1019.7,5098.5,RG6326,,
11,,,,,,,,,,
12,B1_02/19_7,79 -- 95,,RG,9~15,1208.1,6040.5,RG22518,,
13,,,,,,,,B1_40/18_1,,
14,,,,,,,,,,
15,,,,,TOTAL,6656.6,33283.0,,,
0,D1_04/19_1,0 -- 15,,PF-OV,14*10,1229.0,6145.0,PF15607,5124563.0,
1,,,,,,,,,,
2,D1_04/19_2,15 -- 20,NC,MX,MX,337.1,1685.5,C004053,,
3,,,,,,,,,,
4,D1_04/19_3,20 -- 28,NC,OV,14*10,601.8,3009.0,C004010,,
5,,,,,,,,,,
6,D1_04/19_4,28 -- 36,NC,RD,5,640.1,3200.5,C004031,,
7,,,,,,,,NI,,
8,D1_04/19_5,36 -- 46,NC,RD,6,821.1,4105.5,C004032,,
9,,,,,,,,,,
10,D1_04/19_6,46 -- 55,NC,OV,8*6,760.1,3800.5,C004023,,
11,,,,,,,,,,
12,D1_04/19_7,55 -- 64,NC,OT,8*6,800.6,4003.0,C004011,,
13,,,,,,,,,,
14,D1_04/19_8,64 -- 73,NC,OT,9*7,822.0,4110.0,C004012,,
15,,,,,,,,,,
16,D1_04/19_9,73 -- 83,NC,OT,9*7,800.0,4000.0,C004012,,
17,,,,,,,,,,
18,D1_04/19_10,83 -- 98,,PF-OV,14*10,1215.2,6076.0,PF15607,,
19,,,,,,,,,,
20,,,,,TOTAL,8027.0,40135.0,,,
0,B1_06/19_1,0 -- 13,MZ,RG,3~5,964.0,4820.0,RG6322,,
1,,,,,,,,B1_48/18_8,,
2,B1_06/19_2,13 -- 21,SC,OT,80+,515.8,2579.0,C0014069,,
3,,,,,,,,,,
4,B1_06/19_3,21 -- 29,SC,OT,80+,601.9,3009.5,C0014068,,
5,,,,,,,,,,
6,B1_06/19_4,29 -- 38,SC,MX,MX,753.3,3766.5,C0014048,,
7,,,,,,,,NI,,
8,B1_06/19_5,38 -- 45,SC,OV,11x9,543.3,2716.5,C0014051,,
9,,,,,,,,,,
10,B1_06/19_6,45 -- 54,SC,MX,25-50,705.1,3525.5,C0014072,,
11,,,,,,,,,,
12,B1_06/19_7,54 -- 63,SC,MX,25-50,692.2,3461.0,C0014070,,
13,,,,,,,,,,
14,B1_06/19_8,63 -- 72,SC,MX,MX,712.4,3562.0,C0014066,,
15,,,,,,,,,,
16,B1_06/19_9,72 -- 84,SC,MX,FREE,995.6,4978.0,C0014067,,
17,,,,,,,,,,
18,B1_06/19_10,84 -- 97,MZ,RG,3~5,956.2,4781.0,RG6322,,
19,,,,,,,,B1_48/18_1,,
20,,,,,TOTAL,7439.8,37199.0,,,
0,B1_11/19_1,0 -- 19,,PF-OT,80+,1385.4,6927.0,PF15613,,
1,,,,,,,,,,
2,B1_11/19_2,19 -- 30,MC,OT,11*9,884.7,4423.5,OT11X9MC,,
3,,,,,,,,,,
4,B1_11/19_3,30 -- 41,RC,RD,7,960.7,4803.5,RD9RC,,
5,,,,,,,,,,
6,B1_11/19_4,41 -- 56,RC,RD,5,1403.3,7016.5,RD5RC,,
7,,,,,,,,NI,,
8,B1_11/19_5,56 -- 60,MC,OV,8*6,308.0,1540.0,OV8X6MC,,
9,,,,,,,,,,
10,B1_11/19_6,60 -- 70,RC,RD,8,831.2,4156.0,RD8RC,,
11,,,,,,,,,,
12,B1_11/19_7,70 -- 80,MC,OT,11*9,843.7,4218.5,OT11X9MC,,
13,,,,,,,,,,
14,B1_11/19_8,80 -- 96,MC,PF-PS,80+,1135.5,5677.5,PF15622,,
15,,,,,,,,,,
16,,,,,TOTAL,7752.5,38762.5,,,
0,D1_14/19_1,0 -- 14,,RG,3~5,1033.8,5169.0,RG22511,,
1,,,,,,,,D1_45/18_8,,
2,D1_14/19_2,14 -- 30,,RD,8,1459.7,7298.5,C119047,,
3,,,,,,,,,,
4,D1_14/19_3,30 -- 40,NC,RD,8,780.8,3904.0,C004034,,
5,,,,,,,,,,
6,D1_14/19_4,40 -- 49,,RD,5,740.8,3704.0,C119026,,
7,,,,,,,,NI,,
8,D1_14/19_5,49 -- 60,,RD,7,999.5,4997.5,C119028,,
9,,,,,,,,,,
10,D1_14/19_6,60 -- 71,UN,PS,9*7,1001.2,5006.0,C119022,,
11,,,,,,,,,,
12,D1_14/19_7,71 -- 81,,CU,8,898.8,4494.0,C119003,,
13,,,,,,,,,,
14,D1_14/19_8,81 -- 95,,RG,3~5,1052.4,5262.0,RG22511,,
15,,,,,,,,D1_45/18_1,,
16,,,,,TOTAL,7967.0,39835.0,,,
0,B1_17/19_1,0 -- 15,,PF-OV,10*8,1166.2,5831.0,PF15593,5124555.0,
1,,,,,,,,,,
2,B1_17/19_2,15 -- 26,UN,OV,7*5,999.8,4999.0,C119012,,
3,,,,,,,,,,
4,B1_17/19_3,26 -- 37,UN,OV,6*4,1000.1,5000.5,C119011,,
5,,,,,,,,,,
6,B1_17/19_4,37 -- 48,UN,RD,3,999.7,4998.5,C119023,,
7,,,,,,,,NI,,
8,B1_17/19_5,48 -- 59,UN,RD,4,1000.2,5001.0,C119025,,
9,,,,,,,,,,
10,B1_17/19_6,59 -- 70,UN,OV,6*4,999.4,4997.0,C119011,,
11,,,,,,,,,,
12,B1_17/19_7,70 -- 81,UN,OV,7*5,999.9,4999.5,C119012,,
13,,,,,,,,,,
14,B1_17/19_8,81 -- 98,,PF-OV,12*10,1390.3,6951.5,PF15606,,
15,,,,,,,,,,
16,,,,,TOTAL,8555.599999999999,42778.0,,,
0,B1_25/19_1,0 -- 15,,PF-PS,80+,1135.5,5677.5,PF15622,,
1,,,,,,,,B1_11/19_8,,
2,B1_25/19_2,15 -- 26,UN,PS,7*5,1002.0,5010.0,C119020,,
3,,,,,,,,,,
4,B1_25/19_3,26 -- 37,UN,RD,5,999.9,4999.5,C119026,,
5,,,,,,,,,,
6,B1_25/19_4,37 -- 48,UN,RD,4,1003.0,5015.0,C119025,,
7,,,,,,,,NI,,
8,B1_25/19_5,48 -- 59,UN,RD,5,999.7,4998.5,C119026,,
9,,,,,,,,,,
10,B1_25/19_6,59 -- 70,UN,PS,7*5,999.4,4997.0,C119020,,
11,,,,,,,,,,
12,B1_25/19_7,70 -- 72,MC,PF-TR,7,59.7,298.5,CPFTR7MC,,
13,,,,,,,,,,
14,B1_25/19_8,72 -- 74,MOC,PF-SQ,7,140.6,703.0,CPFSQ7MOC,,
15,,,,,,,,,,
16,B1_25/19_9,74 -- 75,MC,PF-CU,8,52.3,261.5,CPFCU8MC,,
17,,,,,,,,,,
18,B1_25/19_10,75 -- 76,RC,PF-CU,8,87.6,438.0,CPFCU8RC,,
19,,,,,,,,,,
20,B1_25/19_11,76 -- 77,MOC,PF-RD,10,11.6,58.0,CPFRD10MOC,,
21,,,,,,,,,,
22,B1_25/19_12,77 -- 78,MOC,PF-RD,10,11.8,59.0,CPFRD11MOC,,
23,,,,,,,,,,
24,B1_25/19_13,78 -- 95,,PF-OT,80+,1385.4,6927.0,PF15613,,
25,,,,,,,,B1_11/19_1,,
26,,,,,TOTAL,7888.5,39442.5,,,
0,D1_29/19_1,0 -- 15,,PF-OV,14*10,1215.2,6076.0,PF15607,,
1,,,,,,,,D1_04/19_10,,
2,D1_29/19_2,15 -- 27,UN,OV,16*12,1035.3,5176.5,C119008,,
3,,,,,,,,,,
4,D1_29/19_3,27 -- 38,UN,RD,7,999.7,4998.5,C119028,,
5,,,,,,,,,,
6,D1_29/19_4,38 -- 49,UN,OV,6*4,1000.1,5000.5,C119036,,
7,,,,,,,,NI,,
8,D1_29/19_5,49 -- 60,UN,RD,5,1000.0,5000.0,C119044,,
9,,,,,,,,,,
10,D1_29/19_6,60 -- 71,UN,OV,8*6,1000.6,5003.0,C119013,,
11,,,,,,,,,,
12,D1_29/19_7,71 -- 82,UN,RD,7,1000.2,5001.0,C119028,,
13,,,,,,,,,,
14,D1_29/19_8,82 -- 96,,PF-OV,14*10,1229.0,6145.0,PF15607,,
15,,,,,,,,D1_04/19_1,,
16,,,,,TOTAL,8480.1,42400.5,,,
0,A1_31/19_1,0 -- 18,,,,,0.0,,,
1,,,,,,,,,,
2,A1_31/19_2,18 -- 24,RC,PF-OV,FREE,416.6,2083.0,CPFOVFREERC,,
3,,,,,,,,,,
4,A1_31/19_3,24 -- 32,RC,PF-OV,25*18,547.5,2737.5,CPFOV25X18RC,,
5,,,,,,,,,,
6,A1_31/19_4,32 -- 40,RC,PF-OV,20*15,599.9,2999.5,CPFOV20X15RC,,
7,,,,,,,,,,
8,A1_31/19_5,40 -- 45,RC,PF-MQ,18*9,368.7,1843.5,CPFMQ18X9RC,,
9,,,,,,,,NI,,
10,A1_31/19_6,45 -- 49,RC,PF-MQ,20*10,261.7,1308.5,CPFMQ20X10RC,,
11,,,,,,,,,,
12,A1_31/19_7,49 -- 55,RC,PF-BG,22*11,424.5,2122.5,CPFBG22X11RC,,
13,,,,,,,,,,
14,A1_31/19_8,55 -- 61,RC,PF-CU,20*15,460.1,2300.5,CPFCU20X15RC,,
15,,,,,,,,,,
16,A1_31/19_9,61 -- 71,RC,PF-OV,22*16,765.1,3825.5,CPFOV22X16RC,,
17,,,,,,,,,,
18,A1_31/19_10,71 -- 75,RC,PF-PS,22*18,309.9,1549.5,CPFPS25X18RC,,
19,,,,,,,,,,
20,A1_31/19_11,75 -- 80,RC,PF-OT,FREE,330.7,1653.5,CPFOTFREERC,,
21,,,,,,,,,,
22,,,,,,,,,,
23,,,,,TOTAL,4484.7,22423.5,,,
0,C1_31/19_1,0 -- 18,,,,,0.0,,,
1,,,,,,,,,,
2,C1_31/19_2,18 -- 26,,PF-PS,FREE,561.9,2809.5,PF15616,,
3,,,,,,,,,,
4,C1_31/19_3,26 -- 33,MC,PF-RD,FREE,520.8,2604.0,CPFRDFREEMC,,
5,,,,,,,,,,
6,C1_31/19_4,33 -- 40,MC,PF-PS,22*16,491.5,2457.5,CPFPS22X16MC,,
7,,,,,,,,,,
8,C1_31/19_5,40 -- 48,MC,PF-MQ,18*9,556.1,2780.5,CPFMQ18X9MC,,
9,,,,,,,,NI,,
10,C1_31/19_6,48 -- 61,MC,PF-OV,20*15,1044.7,5223.5,CPFOV20X15MC,,
11,,,,,,,,,,
12,C1_31/19_7,61 -- 69,MC,PF-OT,25*18,536.2,2681.0,CPFOT25X18MC,,
13,,,,,,,,,,
14,C1_31/19_8,68 -- 75,MC,PF-OT,FREE,451.9,2259.5,CPFOTFREEMC,,
15,,,,,,,,,,
16,C1_31/19_9,75 -- 80,MC,PF-SQ,FREE,439.1,2195.5,CPFSQFREEMC,,
17,,,,,,,,,,
18,,,,,,,,,,
19,,,,,TOTAL,4602.2,23011.0,,,
0,B1_32/19_1,0 -- 17,,PF-ov,12*10,1390.3,6951.5,PF15606,,
1,,,,,,,,B1_17/19_8,,
2,B1_32/19_2,17 -- 28,UN,OV,8*6,1000.1,5000.5,C119013,,
3,,,,,,,,,,
4,B1_32/19_3,28 -- 39,UN,PS,7*5,999.7,4998.5,C119020,,
5,,,,,,,,,,
6,B1_32/19_4,39 -- 50,UN,RD,4,1000.1,5000.5,C119025,,
7,,,,,,,,NI,,
8,B1_32/19_5,50 -- 61,UN,RD,5,1000.2,5001.0,C119026,,
9,,,,,,,,,,
10,B1_32/19_6,61 -- 72,UN,PS,7*5,1000.0,5000.0,C119020,,
11,,,,,,,,,,
12,B1_32/19_7,72 -- 83,UN,OV,8*6,1000.2,5001.0,C119013,,
13,,,,,,,,,,
14,B1_32/19_11,83 -- 97,,PF-OV,12*10,1166.2,5831.0,PF15593,,
15,,,,,,,,B1_17/19_1,,
16,,,,,TOTAL,8556.800000000001,42784.0,,,
0,B1_34/19_1,0 -- 18,,,,,0.0,,,
1,,,,,,,,,,
2,B1_34/19_2,18 -- 23,MC,OT-RE,14*12,378.1,1890.5,OT14X12MC,,
3,,,,,,,,,,
4,B1_34/19_3,23 -- 29,MC,SQ-RE,12,415.5,2077.5,SQ12MC,,
5,,,,,,,,,,
6,B1_34/19_4,29 -- 36,RC,RD-RE,5,553.9,2769.5,RD5RC,,
7,,,,,,,,NI,,
8,B1_34/19_5,36 -- 38,MX,RD-RE,5,147.8,739.0,CUT17694,,
9,,,,,,,,,,
10,B1_34/19_6,38 -- 41,RC,RD-RE,5,247.3,1236.5,RD5RC,,
11,,,,,,,,,,
12,B1_34/19_7,41 -- 44,MC,TR-RE,6,241.1,1205.5,TR6MC,,
13,,,,,,,,,,
14,B1_34/19_8,44 -- 47,MC,TR-RE,6,192.8,964.0,TR6MC,,
15,,,,,,,,,,
16,B1_34/19_9,47 -- 50,RC,RD-RE,7,192.2,961.0,RD7RC,,
17,,,,,,,,,,
18,B1_34/19_10,50 -- 54,RC,OV-RE,8*6,266.4,1332.0,CUT25381,,
19,,,,,,,,,,
20,B1_34/19_11,54 -- 56,S.C.,OV-RE,8*6,112.1,560.5,OV9X6SC,,
21,,,,,,,,,,
22,B1_34/19_12,56 -- 60,RC,PS-RE,10*7,320.0,1600.0,PS10X7RCIN,,
23,,,,,,,,,,
24,B1_34/19_13,60 -- 63,MC,OT-RE,10*8,146.7,733.5,CUT30580,,
25,,,,,,,,,,
26,B1_34/19_14,63 -- 65,MC,OT-RE,10*8,114.2,571.0,CUT30308,,
27,,,,,,,,,,
28,B1_34/19_15,65 -- 71,RC,PS-RE,14*10,470.0,2350.0,PS14X10RC,,
29,,,,,,,,,,
30,B1_34/19_16,71 -- 77,RC,PS-RE,15*10,674.1,3370.5,PS15X10RC,,
31,,,,,,,,,,
32,,,,,,,,,,
33,,,,,,,,,,
34,,,,,TOTAL,4472.2,13736.0,,,
0,D1_34/19_1,0 -- 18,,,,,0.0,,,
1,,,,,,,,,,
2,D1_34/19_2,18 -- 26,RC,CU-RE,9*7,689.6,3448.0,CU9X7RC,,
3,,,,,,,,,,
4,D1_34/19_3,26 -- 29,RC,RD-RE,7,223.4,1117.0,RD7RC,,
5,,,,,,,,,,
6,D1_34/19_4,29 -- 32,RC,PS-RE,6*4,208.1,1040.5,PS6X4RC,,
7,,,,,,,,NI,,
8,D1_34/19_5,32 -- 39,MC,RD-RE,1.75,552.3,2761.5,CUT12899,,
9,,,,,,,,,,
10,D1_34/19_6,39 -- 41,OR,RD-RE,3,112.0,560.0,CUT12903,,
11,,,,,,,,,,
12,D1_34/19_7,41 -- 42,RC,RD-RE,7,34.3,171.5,CUT17343,,
13,,,,,,,,,,
14,D1_34/19_8,42 -- 43,S.C.,RD-RE,10,10.0,50.0,RD10SC,,
15,,,,,,,,,,
16,D1_34/19_9,43 -- 45,RC,OV-RE,8*6,144.1,720.5,OV8X6RC,,
17,,,,,,,,,,
18,D1_34/19_10,45 -- 48,RC,OV-RE,8*6,204.6,1023.0,OV8X6RC,,
19,,,,,,,,,,
20,D1_34/19_11,48 -- 52,RC,RD-RE,7,236.9,1184.5,RD7RC,,
21,,,,,,,,,,
22,D1_34/19_12,52 -- 54,RC,OV-RE,8*6,135.5,677.5,OV8X6RC,,
23,,,,,,,,,,
24,D1_34/19_13,54 -- 55,RC,RD-RE,8,86.9,434.5,RD8RC,,
25,,,,,,,,,,
26,D1_34/19_14,55 -- 59,RC,RD-RE,7,236.5,1182.5,RD7RC,,
27,,,,,,,,,,
28,D1_34/19_15,59 -- 61,RC,OV-RE,10*8,141.7,708.5,CUT17336,,
29,,,,,,,,,,
30,D1_34/19_16,61 -- 63,S.C.,OT-RE,12*10,112.9,564.5,CUT30569,,
31,,,,,,,,,,
32,D1_34/19_17,63 -- 66,RC,OV-RE,12*10,222.3,1111.5,OV12X10RC,,
33,,,,,,,,,,
34,D1_34/19_18,66 -- 69,RC,RD-RE,13,217.0,1085.0,CUT30596,,
35,,,,,,,,,,
36,D1_34/19_19,69 -- 81,RC,CU-RE,8*6,1104.7,5523.5,CU8X6RC,,
37,,,,,,,,,,
38,,,,,,,,,,
39,,,,,,,,,,
40,AGSW,,,,TOTAL,4672.8,12076.5,,,
0,B1_37/19_1, -- ,,,,,0.0,,,
1,,,,,,,,,,
2,B1_37/19_2, -- ,,,,,0.0,,,
3,,,,,,,,,,
4,B1_37/19_3, -- ,,,,,0.0,,,
5,,,,,,,,,,
6,B1_37/19_4, -- ,,,,,0.0,,,
7,,,,,,,,NI,,
8,B1_37/19_5, -- ,,,,,0.0,,,
9,,,,,,,,,,
10,B1_37/19_6, -- ,,,,,0.0,,,
11,,,,,,,,,,
12,B1_37/19_7, -- ,,,,,0.0,,,
13,,,,,,,,,,
14,B1_37/19_8, -- ,,,,,0.0,,,
15,,,,,,,,,,
16,B1_37/19_9, -- ,,,,,0.0,,,
17,,,,,,,,,,
18,B1_37/19_10, -- ,,,,,0.0,,,
19,,,,,,,,,,
20,B1_37/19_11, -- ,,,,,0.0,,,
21,,,,,,,,,,
22,,,,,TOTAL,0.0,0.0,,,
0,B1_42/45/19_1,0 -- 18,,,,,0.0,,,
1,,,,,,,,,,
2,B1_42/45/19_2,18 -- 29,UN,OV,8*6,1000.0,5000.0,C119013,,
3,,,,,,,,,,
4,B1_42/45/19_3,29 -- 40,UN,TR,5,999.5,4997.5,C119031,,
5,,,,,,,,,,
6,B1_42/45/19_4,40 -- 51,UN,OV,5*3,999.8,4999.0,C119010,,
7,,,,,,,,NI,,
8,B1_42/45/19_5,51 -- 67,UN,RD,5,1444.5,7222.5,C119044,,
9,,,,,,,,,,
10,B1_42/45/19_6,67 -- 78,UN,OV,7*5,999.6,4998.0,C119012,,
11,,,,,,,,,,
12,,,,,,,,,,
13,,,,,TOTAL,5443.400000000001,27217.0,,,
0,D1_42/45/19_1,0 -- 18,,,,,0.0,,,
1,,,,,,,,,,
2,D1_42/45/19_2,18 -- 27,UN,,,735.4,3677.0,C0014063,,
3,,,,,,,,,,
4,D1_42/45/19_3,27 -- 37,UN,,,833.5,4167.5,C0014059,,
5,,,,,,,,,,
6,D1_42/45/19_4,37 -- 46,UN,,,767.6,3838.0,C0014054,,
7,,,,,,,,NI,,
8,D1_42/45/19_5,46 -- 54,UN,,,584.7,2923.5,C0014058,,
9,,,,,,,,,,
10,D1_42/45/19_6,54 -- 62,UN,,,615.8,3079.0,C0014060,,
11,,,,,,,,,,
12,D1_42/45/19_7,62 -- 71,UN,,,672.6,3363.0,C0014064,,
13,,,,,,,,,,
14,,,,,,,,,,
15,,,,,TOTAL,4209.6,21048.0,,,
0,C1_49/19_1,0 -- 18,,,,,0.0,,,
1,,,,,,,,,,
2,C1_49/19_2,18 -- 33,RC,RG-RE,3~5,1117.8,5589.0,RG6176IN,,D3-11/17-2
3,,,,,,,,,,
4,C1_49/19_3,33 -- 43,RC,RG-RE,2~3,800.3,4001.5,RG6209IN,,D3-16/17-1
5,,,,,,,,,,
6,C1_49/19_4,43 -- 52,RC,RG-RE,2~3,656.6,3283.0,RG6209IN,,D3-16/17-1
7,,,,,,,,NI,,
8,C1_49/19_5,52 -- 62,RC,RG-RE,2~3,741.8,3709.0,RG6209IN,,C3-16/17-8
9,,,,,,,,,,
10,C1_49/19_6,62 -- 72,RC,RG-RE,2~3,747.4,3737.0,RG6209IN,,C3-16/17-8
11,,,,,,,,,,
12,C1_49/19_7,72 -- 86,RC,RG-RE,3~5,1134.8,5674.0,RG6176IN,,D3-11/17-4
13,,,,,,,,,,
14,,,,,,,,,,
15,,,,,TOTAL,5198.7,25993.5,,,
0,A1_51/19_1,0 -- 18,,,,,0.0,,,
1,,,,,,,,,,
2,A1_51/19_2,18 -- 28,RC,RG-RE,4~5,735.1,3675.5,RG22131,,
3,,,,,,,,,,
4,A1_51/19_3,28 -- 33,RC,CU-RE,8*6,289.7,1448.5,CU8X6RC,,
5,,,,,,,,,,
6,A1_51/19_4,33 -- 47,RC,PS-RE,4*3,1281.4,6407.0,CUT25400,,
7,,,,,,,,NI,,
8,A1_51/19_5,47 -- 51,OR,RD-RE,1.75,247.2,1236.0,CUT12902,,
9,,,,,,,,,,
10,A1_51/19_6,51 -- 54,MC,RD-RE,2.5,150.6,753.0,CUT12898,,
11,,,,,,,,,,
12,A1_51/19_7,54 -- 58,RC,MQ-RE,5*2.5,296.4,1482.0,MQ5X2.5MC,,
13,,,,,,,,,,
14,A1_51/19_8,58 -- 64,RC,CU-RE,8*6,410.1,2050.5,CU8X6RC,,
15,,,,,,,,,,
16,A1_51/19_9,64 -- 71,RC,CU-RE,18*13,483.4,2417.0,CU18X13RC,,
17,,,,,,,,,,
18,A1_51/19_10,71 -- 80,RC,RG-RE,3~4,570.6,2853.0,RG22124,,
19,,,,,,,,,,
20,,,,,,,,,,
21,,,,,TOTAL,4464.5,22322.5,,,
0,C1_52/19_1,0 -- 18,,,,,0.0,,,
1,,,,,,,,,,
2,C1_52/19_2,18 -- 33,RC,RG-REN,3~4,1160.7,5803.5,RG22322IN,,
3,,,,,,,,,,
4,C1_52/19_3,33 -- 45,RC,RG-REN,4~5,923.4,4617.0,RG22305IN,,
5,,,,,,,,,,
6,C1_52/19_4,45 -- 57,RC,RG-RE,2~3,878.7,4393.5,RG5292IN,,
7,,,,,,,,NI,,
8,C1_52/19_5,57 -- 69,RC,RG-RE,2~3,894.5,4472.5,RG5217IN,,
9,,,,,,,,,,
10,C1_52/19_6,69 -- 80,RC,RG-RE,2~3,860.6,4303.0,RG5214IN,,
11,,,,,,,,,,
12,,,,,,,,,,
13,,,,,TOTAL,4717.900000000001,23589.5,,,
0,B1_01/20_1,0 -- 13,,PF-OT,8*6,1076.1,5380.5,PF15591,,
1,,,,,,,,B4_22/19_16,,
2,B1_01/20_2,13 -- 27,MC,RD,10,1245.9,6229.5,CUT30941,,
3,,,,,,,,,,
4,B1_01/20_3,27 -- 37,,RD,9,834.7,4173.5,CUT30654,,
5,,,,,,,,,,
6,B1_01/20_4,37 -- 52,RC,RD,6,1373.7,6868.5,RD6RC,,
7,,,,,,,,NI,,
8,B1_01/20_5,52 -- 59,RC,RD,7,600.5,3002.5,RD7RC,,60467.0
9,,,,,,,,,,
10,B1_01/20_6,59 -- 68,MC,RD,9,737.9,3689.5,CUT30940,,
11,,,,,,,,,,
12,B1_01/20_7,68 -- 81,,RD,10,1166.7,5833.5,CUT30655,,
13,,,,,,,,,,
14,B1_01/20_8,81 -- 94,,PF-RD,12,1047.3,5236.5,PF15600,,
15,,,,,,,,B4_22/19_1,,
16,,,,,TOTAL,8082.799999999999,40414.0,,,
0,D1_01/20_1,0 -- 18,,,,,0.0,,,
1,,,,,,,,,,
2,D1_01/20_2,18 -- 23,RC,RD,20,346.0,1730.0,RD20RC,,
3,,,,,,,,,,
4,D1_01/20_3,23 -- 29,RC,RD,18,413.1,2065.5,RD18RC,,
5,,,,,,,,,,
6,D1_01/20_4,29 -- 42,RC,PS,14*9,1213.0,6065.0,PS14X9RC,,
7,,,,,,,,NI,,
8,D1_01/20_5,42 -- 49,MC,RD,12,586.4,2932.0,C UT30943,,
9,,,,,,,,,,
10,D1_01/20_6,49 -- 59,RC,RD,14,875.3,4376.5,RD14RC,,59585.0
11,,,,,,,,,,
12,D1_01/20_7,59 -- 69,RC,RD,16,872.0,4360.0,RD16RC,,
13,,,,,,,,,,
14,D1_01/20_8,69 -- 76,RC,RD,17,561.5,2807.5,RD17RC,,
15,,,,,,,,,,
16,D1_01/20_9,76 -- 81,RC,RD,19,380.2,1901.0,RD19RC,,
17,,,,,,,,,,
18,,,,,,,,,,
19,,,,,TOTAL,5247.5,26237.5,,,
0,A1_03/20_1,0 -- 18,,,,,0.0,,,
1,,,,,,,,,,
2,A1_03/20_2,18 -- 33,RC,RG-RE,2~3,1176.7,5883.5,RG5306IN,,
3,,,,,,,,,,
4,A1_03/20_3,33 -- 46,RC,RG-RE,2~3,990.1,4950.5,RG5316IN,,
5,,,,,,,,,,
6,A1_03/20_4,46 -- 49,RC,OV-RE,8*6,119.6,598.0,OV8X6RCIN,,
7,,,,,,,,NI,,
8,A1_03/20_5,49 -- 57,RC,RG-RE,2~3,619.0,3095.0,RG5306IN,,
9,,,,,,,,,,
10,A1_03/20_6,57 -- 68,RC,RG-RE,2~3,862.8,4314.0,RG5318IN,,
11,,,,,,,,,,
12,A1_03/20_7,68 -- 83,RC,RG-RE,2~3,1211.9,6059.5,RG5317,,
13,,,,,,,,,,
14,,,,,,,,,,
15,,,,,TOTAL,4980.1,24900.5,,,
0,B1_05/20_1,0 -- 18,,,,,0.0,,,
1,,,,,,,,NI,,
2,B1_05/20_2,18 -- 28,MC,OT,16*12,855.6,4278.0,CUT30641,,
3,,,,,,,,NI,,
4,B1_05/20_3,28 -- 43,RC,RD,6,1328.2,6641.0,RD6RC,,
5,,,,,,,,NI,,
6,B1_05/20_4,43 -- 50,S.C.,OV,8*6,595.6,2978.0,CUT30949,,
7,,,,,,,,NI,,
8,B1_05/20_5,50 -- 59,S.C.,OT,10*8,756.8,3784.0,CUT32088,,
9,,,,,,,,NI,,
10,B1_05/20_6,59 -- 67,S.C.,OT,10*8,670.4,3352.0,CUT32088,,
11,,,,,,,,NI,,
12,B1_05/20_7,67 -- 77,,OT,12*10,833.9,4169.5,CUT30646,,
13,,,,,,,,,,
14,,,,,TOTAL,5040.499999999999,25202.5,,,
0,C1_05/20_1,0 -- 18,,,,,0.0,,,
1,,,,,,,,NI,,
2,C1_05/20_2,18 -- 32,RC,RG-REN,2~3,1067.5,5337.5,RG6175IN,,
3,,,,,,,,NI,,
4,C1_05/20_3,32 -- 47,RC,RG-REN,9*15,1083.1,5415.5,RG6480,,
5,,,,,,,,NI,,
6,C1_05/20_4,47 -- 61,RC,RG-REN,2~3,1072.8,5364.0,RG6175IN,,
7,,,,,,,,NI,,
8,C1_05/20_5,61 -- 74,RC,RG-REN,2~3,1024.1,5120.5,RG6175IN,,
9,,,,,,,,NI,,
10,C1_05/20_6,74 -- 88,RC,RG-REN,9~15,1002.7,5013.5,RG6480,,
11,,,,,,,,,,
12,,,,,TOTAL,5250.2,26251.0,,,
0,D1_05/20_1,0 -- 18,,,,,0.0,,,
1,,,,,,,,NI,,
2,D1_05/20_2,18 -- 32,RC,RG-REN,9*15,1030.3,5151.5,RG6480,,
3,,,,,,,,NI,,
4,D1_05/20_3,32 -- 45,RC,RG-REN,3~5,1005.5,5027.5,RG6210IN,,
5,,,,,,,,NI,,
6,D1_05/20_4,45 -- 56,,RG-REN,15+,772.2,3861.0,RG22529,,
7,,,,,,,,NI,,
8,D1_05/20_5,56 -- 72,RC,RG-REN,15~25,1119.0,5595.0,RG6481,,
9,,,,,,,,NI,,
10,D1_05/20_6,72 -- 87,RC,RG-REN,15~25,1109.9,5549.5,RG6481,,
11,,,,,,,,,,
12,,,,,,,,,,
13,,,,,TOTAL,5036.9,25184.5,,,
0,A1_07/20_1,0 -- 18,,,,,0.0,,,
1,,,,,,,,,,
2,A1_07/20_2,18 -- 39,MZ,RG-REN,5~9,1506.7,7533.5,RG6323,,
3,,,,,,,,,,
4,A1_07/20_3,39 --52,RC,RG-REN,2~3,1002.7,5013.5,RG6175IN,,
5,,,,,,,,,,
6,A1_07/20_4,52 -- 67,RC,RG-REN,3~5,1128.8,5644.0,RG6210IN,,
7,,,,,,,,NI,,
8,A1_07/20_5,67 -- 83,RC,RG-REN,2~3,1237.4,6187.0,RG6175IN,,
9,,,,,,,,,,
10,,,,,,,,,,
11,,,,,TOTAL,4875.6,24378.0,,,
0,B1_08/20_1,0 -- 18,,,,,0.0,,,
1,,,,,,,,,,
2,B1_08/20_2,18 -- 37,RC,RG-REN,3~5,1509.0,7545.0,RG22538IN,,
3,,,,,,,,,,
4,B1_08/20_3,37 -- 43,RC,RD-RE,10,424.3,2121.5,CUT30406,,
5,,,,,,,,NI,,
6,B1_08/20_4,43 -- 47,RC,RD-RE,10,257.5,1287.5,CUT30548,,
7,,,,,,,,,,
8,B1_08/20_5,47 -- 51,RC,CU-RE,9*7,238.4,1192.0,CU9X7RC,,
9,,,,,,,,,,
10,B1_08/20_6,51 -- 58,RC,OT-RE,9*7,519.7,2598.5,OT9X7RC,,
11,,,,,,,,,,
12,B1_08/20_7,58 -- 79,MZ,RG-REN,5~9,1484.7,7423.5,RG6323,,
13,,,,,,,,,,
14,,,,,,,,,,
15,,,,,TOTAL,4433.6,22168.0,,,
0,B1_13/20_1,0 -- 18,,,,,0.0,,,
1,,,,,,,,,,
2,B1_13/20_2,18 -- 29,RC,RG-RE,3~5,851.3,4256.5,RG6210,,
3,,,,,,,,,,
4,B1_13/20_3,29 -- 41,RC,RG-RE,5~9,972.9,4864.5,RG6263,,
5,,,,,,,,,,
6,B1_13/20_4,41 -- 55,RC,RG-RE,2~3,1172.6,5863.0,RG6209IN,,
7,,,,,,,,NI,,
8,B1_13/20_5,55 -- 68,RC,RG-RE,5~9,993.3,4966.5,RG6263,,
9,,,,,,,,,,
10,B1_13/20_6,68 -- 80,RC,RG-RE,5~9,948.4,4742.0,RG22257,,
11,,,,,,,,,,
12,,,,,,,,,,
13,,,,,TOTAL,4938.499999999999,24692.5,,,
0,C1_13/20_1,0 -- 18,,,,,0.0,,,
1,,,,,,,,,,
2,C1_13/20_2,18 -- 32,RC,RG-RE,5~9,999.5,4997.5,RG22257,,
3,,,,,,,,,,
4,C1_13/20_3,32 -- 46,RC,RG-RE,3~5,1116.4,5582.0,RG6210IN,,
5,,,,,,,,,,
6,C1_13/20_4,46 -- 60,RC,RG-RE,2~3,1121.1,5605.5,RG6209IN,,
7,,,,,,,,NI,,
8,C1_13/20_5,60 -- 74,RC,RG-RE,3~5,1157.1,5785.5,RG6210IN,,
9,,,,,,,,,,
10,C1_13/20_6,74 -- 84,RC,RG-RE,15~20,746.7,3733.5,RG22414,,
11,,,,,,,,,,
12,,,,,,,,,,
13,,,,,TOTAL,5140.8,25704.0,,,
0,D1_13/20_1,0 -- 18,,,,,0.0,,,
1,,,,,,,,,,
2,D1_13/20_2,18 -- 33,RC,RG-REN,2~3,1182.8,5914.0,RG6209IN,,
3,,,,,,,,,,
4,D1_13/20_3,33 -- 47,RC,RG-RE,3~5,1112.0,5560.0,RG6210IN,,
5,,,,,,,,,,
6,D1_13/20_4,47 -- 62,RC,RG-RE,2~3,1127.4,5637.0,RG6209IN,,
7,,,,,,,,NI,,
8,D1_13/20_5,62 -- 77,RC,RG-RE,3~5,1160.4,5802.0,RG6210IN,,
9,,,,,,,,,,
10,D1_13/20_6,77 -- 79,RC,RG-RE,5~9,101.4,507.0,RG5971,,
11,,,,,,,,,,
12,,,,,,,,,,
13,,,,,TOTAL,4684.0,23420.0,,,
0,A1_16/20_1,0 -- 18,,,,,0.0,,,
1,,,,,,,,,,
2,A1_16/20_2,18 -- 32,RC,RG-RE,3`5,1162.1,5810.5,RG6210IN,,
3,,,,,,,,,,
4,A1_16/20_3,32- - 46,RC,RG-RE,3~5,1128.1,5640.5,RG6210IN,,
5,,,,,,,,,,
6,A1_16/20_4,46 -- 60,RC,RG-RE,3~5,1167.7,5838.5,RG6210IN,,
7,,,,,,,,NI,,
8,A1_16/20_5,60 -- 75,RC,RG-RE,3~5,1162.2,5811.0,RG6210IN,,
9,,,,,,,,,,
10,A1_16/20_6,75 -- 78,RC,RG-RE,3~5,125.5,627.5,RG6210IN,,
11,,,,,,,,,,
12,,,,,,,,,,
13,,,,,TOTAL,4745.599999999999,23728.0,,,
0,B1_16/20_1,0 -- 18,,,,,0.0,,,
1,,,,,,,,,,
2,B1_16/20_2,18 -- 32,RC,RG-RE,2~3,1061.6,5308.0,RG6175,,
3,,,,,,,,,,
4,B1_16/20_3,32 -- 41,RC,RG-RE,2~3,645.0,3225.0,RG6175,,
5,,,,,,,,,,
6,B1_16/20_4,41 --56,RC,RG-RE,2~3,1198.1,5990.5,RG6175,,
7,,,,,,,,NI,,
8,B1_16/20_5,56 -- 68,RC,RG-RE,2~3,933.5,4667.5,RG6175,,
9,,,,,,,,,,
10,B1_16/20_6,68 -- 82,RC,RG-RE,2~3,1130.4,5652.0,RG6175,,
11,,,,,,,,,,
12,,,,,,,,,,
13,,,,,TOTAL,4968.6,24843.0,,,
0,D1_18/20_1,0 -- 18,,,,,0.0,,,
1,,,,,,,,,,
2,D1_18/20_2,18 -- 28,UN,SQ-REN,5,899.8,4499.0,SQ5UNIN,,
3,,,,,,,,,,
4,D1_18/20_3,28 -- 36,RC,PS-REN,5*3,618.8,3094.0,PS5X3RC,,
5,,,,,,,,,,
6,D1_18/20_4,36 -- 47,RC,OV-REN,4*3,910.7,4553.5,OV4X3RC,,
7,,,,,,,,NI,,
8,D1_18/20_5,47 -- 54,UN,RD-REN,7,519.8,2599.0,RD7UN,,
9,,,,,,,,,,
10,D1_18/20_6,54 -- 66,RC,RG-REN,4~5,927.0,4635.0,RG22305IN,,
11,,,,,,,,,,
12,D1_18/20_7,66 -- 72,UN,RD-REN,8,517.8,2589.0,RD8UN,,
13,,,,,,,,,,
14,D1_18/20_8,72 -- 80,RC,RG-REN,2~3,637.5,3187.5,RG5306IN,,
15,,,,,,,,,,
16,,,,,,,,,,
17,,,,,TOTAL,5031.400000000001,25157.0,,,
0,A1_26/20_1,0 -- 18,,,,,0.0,,,
1,,,,,,,,,,
2,A1_26/20_2,18 -- 29,UN,OV,7*5,999.7,4998.5,C119037,,
3,,,,,,,,,,
4,A1_26/20_3,29 -- 40,UN,OV,6*4,1000.0,5000.0,C119036,,
5,,,,,,,,,,
6,A1_26/20_4,40 -- 51,UN,RD,5,999.5,4997.5,C119026,,
7,,,,,,,,NI,,
8,A1_26/20_5,51 -- 62,UN,RD,4,999.6,4998.0,C119025,,
9,,,,,,,,,,
10,A1_26/20_6,62 -- 73,UN,RD,5,999.6,4998.0,C119026,,
11,,,,,,,,,,
12,A1_26/20_7,73 -- 84,UN,OV,7*5,1000.0,5000.0,C119037,,
13,,,,,,,,,,
14,,,,,,,,,,
15,,,,,TOTAL,5998.4,29992.0,,,
0,B1_26/20_1,0 -- 18,,,,,0.0,,,
1,,,,,,,,,,
2,B1_26/20_2,18 -- 29,UN,OV,7*5,999.8,4999.0,C119037,,
3,,,,,,,,,,
4,B1_26/20_3,29 -- 40,UN,OV,6*4,1000.0,5000.0,C119036,,
5,,,,,,,,,,
6,B1_26/20_4,40 -- 51,UN,RD,5,999.5,4997.5,C119026,,
7,,,,,,,,NI,,
8,B1_26/20_5,51 -- 62,UN,RD,4,999.9,4999.5,C119025,,
9,,,,,,,,,,
10,B1_26/20_6,62 -- 73,UN,RD,5,999.5,4997.5,C119026,,
11,,,,,,,,,,
12,B1_26/20_7,73 -- 84,UN,OV,7*5,1000.0,5000.0,C119037,,
13,,,,,,,,,,
14,,,,,,,,,,
15,,,,,TOTAL,5998.700000000001,29993.5,,,
0,C1_26/20_1,0 -- 18,,,,,0.0,,,
1,,,,,,,,,,
2,C1_26/20_2,18 -- 29,UN,OV,7*5,1000.3,5001.5,C119037,,
3,,,,,,,,,,
4,C1_26/20_3,29 -- 40,UN,OV,6*4,999.7,4998.5,C119036,,
5,,,,,,,,,,
6,C1_26/20_4,40 -- 51,UN,RD,5,1001.8,5009.0,C119026,,
7,,,,,,,,NI,,
8,C1_26/20_5,51 -- 62,UN,RD,4,1000.1,5000.5,C119025,,
9,,,,,,,,,,
10,C1_26/20_6,62 -- 73,UN,RD,5,999.5,4997.5,C119026,,
11,,,,,,,,,,
12,C1_26/20_7,73 -- 84,UN,OV,7*5,999.6,4998.0,C119037,,
13,,,,,,,,,,
14,,,,,,,,,,
15,,,,,TOTAL,6001.0,30005.0,,,
0,D1_28/20_1,0 -- 18,,,,,0.0,,,
1,,,,,,,,,,
2,D1_28/20_2,18 -- 29,UN,OV,7X5,999.8,4999.0,C119012,,
3,,,,,,,,,,
4,D1_28/20_3, 29-- 40,UN,PS,6X4,999.9,4999.5,C119041,,
5,,,,,,,,,,
6,D1_28/20_4,40 -- 51,UN,RD,5,999.5,4997.5,C119026,,
7,,,,,,,,NI,,
8,D1_28/20_5,51 -- 62,UN,RD,4,1000.0,5000.0,C119025,,
9,,,,,,,,,,
10,D1_28/20_6, 62-- 73,UN,RD,5,1000.3,5001.5,C119026,,
11,,,,,,,,,,
12,D1_28/20_7,73 -- 84,UN,OV,7X5,999.7,4998.5,C119012,,
13,,,,,,,,,,
14,,,,,,,,,,
15,,,,,TOTAL,5999.2,29996.0,,,
0,B1_29/20_1,0 -- 18,,,,,0.0,,,
1,,,,,,,,,,
2,B1_29/20_2,18 -- 29,UN,OV,6*4,999.8,4999.0,C119035,,
3,,,,,,,,,,
4,B1_29/20_3,29 -- 40,UN,RD,4,1000.1,5000.5,C119025,,
5,,,,,,,,,,
6,B1_29/20_4,40 -- 51,UN,RD,4,999.7,4998.5,C119025,,
7,,,,,,,,NI,,
8,B1_29/20_5,51 -- 62,UN,RD,4,1000.1,5000.5,C119025,,
9,,,,,,,,,,
10,B1_29/20_6,62 -- 73,UN,RD,5,1000.2,5001.0,C119026,,
11,,,,,,,,,,
12,B1_29/20_7,73 -- 84,UN,OV,7*5,999.8,4999.0,C119037,,
13,,,,,,,,,,
14,,,,,,,,,,
15,,,,,TOTAL,5999.700000000001,29998.5,,,
0,A1_30/20_1,0 -- 18,,,,,0.0,,,
1,,,,,,,,,,
2,A1_30/20_2,18 -- 29,UN,OV,6*4,999.0,4995.0,C119011,,
3,,,,,,,,,,
4,A1_30/20_3,29 -- 40,UN,RD,4,1000.5,5002.5,C119025,,
5,,,,,,,,,,
6,A1_30/20_4,40 -- 51,UN,RD,4,1000.3,5001.5,C119025,,
7,,,,,,,,NI,,
8,A1_30/20_5,51 -- 62,UN,RD,4,1000.3,5001.5,C119025,,
9,,,,,,,,,,
10,A1_30/20_6,62 -- 73,UN,RD,5,999.6,4998.0,C119026,,
11,,,,,,,,,,
12,A1_30/20_7,73 -- 84,UN,OV,7*5,999.7,4998.5,C119037,,
13,,,,,,,,,,
14,,,,,,,,,,
15,,,,,TOTAL,5999.400000000001,29997.0,,,
0,C1_30/20_1,0 -- 18,,,,,0.0,,,
1,,,,,,,,,,
2,C1_30/20_2,18 -- 29,UN,OV,6*4,999.8,4999.0,C119011,,
3,,,,,,,,,,
4,C1_30/20_3,29 -- 40,UN,RD,4,999.9,4999.5,C119025,,
5,,,,,,,,,,
6,C1_30/20_4,40 -- 51,UN,RD,4,999.9,4999.5,C119025,,
7,,,,,,,,NI,,
8,C1_30/20_5,51 -- 59,UN,RD,4,681.3,3406.5,C119052,,
9,,,,,,,,,,
10,C1_30/20_6,59 -- 70,UN,RD,5,999.4,4997.0,C119026,,
11,,,,,,,,,,
12,C1_30/20_7,70 -- 79,UN,OV,7*5,999.5,4997.5,C119012,,
13,,,,,,,,,,
14,,,,,,,,,,
15,,,,,TOTAL,5679.799999999999,28399.0,,,
0,B1_33/20_1,0 --18 ,,,,,0.0,,,
1,,,,,,,,NI,,
2,B1_33/20_2,18 -- 25,RC,PS-RE,6X4,529.4,2647.0,PS6X4RC,,
3,,,,,,,,NI,,
4,B1_33/20_3,25 -- 31,RC,OV-RE,4X3,431.4,2157.0,OV4X3RC,,
5,,,,,,,,NI,,
6,B1_33/20_4,31 -- 41,MZ,RG-RE,9~15,719.7,3598.5,RG6324,,
7,,,,,,,,NI,,
8,B1_33/20_5,41 -- 52,MZ,RG-RE,9~15,762.4,3812.0,RG6324,,
9,,,,,,,,,,
10,B1_33/20_6, 52-- 65,RC,RD-RE,6,1130.1,5650.5,RD6RC,,
11,,,,,,,,,,
12,B1_33/20_7, 65-- 67,RC,PF-OT-RE,MX,121.7,608.5,PF7561,,
13,,,,,,,,,,
14,B1_33/20_8, 67-- 69,RC,PF-TR-RE,5,127.2,636.0,PF15156,,
15,,,,,,,,,,
16,B1_33/20_9,69 -- 73,RC,PF-OV-RE,11X9,243.9,1219.5,CPFOV11X9RC,,
17,,,,,,,,,,
18,B1_33/20_10,73 -- 77,MX,PF-RD-RE,11,299.3,1496.5,CPFRD11MC,,
19,,,,,,,,,,
20,B1_33/20_11,77 -- 80,RC,PF-RD-RE,8,234.7,1173.5,CPFRD8RC,,
21,,,,,,,,,,
22,,,,,TOTAL,4599.799999999999,22999.0,,,
0,B1_34/20_1,0 -- 18,,,,,0.0,,,
1,,,,,,,,NI,,
2,B1_34/20_2,18 -- 29,UN,PS,6*4,999.6,4998.0,C119041,,
3,,,,,,,,NI,,
4,B1_34/20_3,29 -- 40,UN,RD,5,999.6,4998.0,C119026,,
5,,,,,,,,NI,,
6,B1_34/20_4,40 -- 51,UN,OV,5*3,999.5,4997.5,C119010,,
7,,,,,,,,NI,,
8,B1_34/20_5,51 -- 62,UN,RD,5,999.5,4997.5,C119026,,
9,,,,,,,,,,
10,B1_34/20_6,62 -- 73,UN,OV,7*5,999.9,4999.5,C119012,,
11,,,,,,,,,,
12,B1_34/20_7,73 -- 84,UN,OV,7*5,999.6,4998.0,C119012,,
13,,,,,,,,,,
14,,,,,,,,,,
15,,,,,TOTAL,5997.7,29988.5,,,
0,B1_36/20_1,0 -- 18,,,,,0.0,,,
1,,,,,,,,NI,,
2,B1_36/20_2,18-- 29,UN,PS,7*5,1000.2,5001.0,C119042,,
3,,,,,,,,NI,,
4,B1_36/20_3,29 -- 40,UN,RD,5,1000.2,5001.0,C119026,,
5,,,,,,,,NI,,
6,B1_36/20_4,40 -- 53,UN,OV,5*3,1143.4,5717.0,C119050,,
7,,,,,,,,NI,,
8,B1_36/20_5,53 -- 66,UN,OV,5*3,1170.8,5854.0,C119050,,
9,,,,,,,,,,
10,B1_36/20_6,66 -- 77,UN,PS,7*5,1000.3,5001.5,C119042,,
11,,,,,,,,,,
12,,,,,,,,,,
13,,,,,TOTAL,5314.900000000001,26574.5,,,
0,D1_36/20_1,0 -- 18,,,,,0.0,,,
1,,,,,,,,NI,,
2,D1_36/20_2,18 -- 29,OV,PS,7*5,1000.0,5000.0,C119042,,
3,,,,,,,,NI,,
4,D1_36/20_3,29 -- 40,UN,RD,5,1000.1,5000.5,C119026,,
5,,,,,,,,NI,,
6,D1_36/20_4,40 -- 51,UN,MQ,6*3,1000.4,5002.0,C119006,,
7,,,,,,,,NI,,
8,D1_36/20_5,51 --62 ,UN,MQ,6~3,999.7,4998.5,C119006,,
9,,,,,,,,,,
10,D1_36/20_6, 62-- 74,UN,PF-SQ,5,999.6,4998.0,C119055,,
11,,,,,,,,,,
12,D1_36/20_7,74 -- 85,OV,PS,7*5,1000.0,5000.0,C119042,,
13,,,,,,,,,,
14,,,,,,,,,,
15,,,,,TOTAL,5999.8,29999.0,,,
0,A1_37/20_1,0 --18 ,,,,,0.0,,,
1,,,,,,,,NI,,
2,A1_37/20_2,18 -- 29,MC,RG-RE,3~5,817.6,4088.0,RG22500IN,A3_26/18_06,
3,,,,,,,,NI,,
4,A1_37/20_3,29 -- 44,RC,RG-RE,3~5,1225.1,6125.5,RG22526IN,B3_38/18_2,
5,,,,,,,,NI,,
6,A1_37/20_4,44 -- 51,RC,RG-RE,3~5,550.9,2754.5,RG6176IN,B3_12/17_4,
7,,,,,,,,NI,,
8,A1_37/20_5,51 -- 65,RC,RG-RE,3~5,1008.7,5043.5,RG22534IN,B3_30/18_3,
9,,,,,,,,,,
10,A1_37/20_6,65 -- 79,MC,RG-RE,3~5,1027.2,5136.0,RG22500IN,A3_26/18_7,
11,,,,,,,,,,
12,,,,,,,,,,
13,,,,,TOTAL,4629.5,23147.5,,,
0,B1_38/20_1,0 --18 ,,,,,0.0,,,
1,,,,,,,,,,
2,B1_38/20_2, 18-- 26,S.C.,OT,8*6,654.5,3272.5,CUT32087,,
3,,,,,,,,,,
4,B1_38/20_3,26 -- 38,RC,RD,7,1011.6,5058.0,RD7RC,,
5,,,,,,,,,,
6,B1_38/20_4,38 -- 47,RC,OV,7*5,809.5,4047.5,OV7X5RC,,
7,,,,,,,,NI,,
8,B1_38/20_5, 47-- 53,S.C.,RD,5,458.5,2292.5,RD5SC,,
9,,,,,,,,,,
10,B1_38/20_6, 53-- 65,RC,OV,7*5,1090.0,5450.0,OV7X5RC,,
11,,,,,,,,,,
12,B1_38/20_7,65 -- 75,RC,RD,7,837.4,4187.0,RD7RC,,
13,,,,,,,,,,
14,B1_38/20_8,75 -- 85,RC,RD,7,927.9,4639.5,RD7RC,,
15,,,,,,,,,,
16,,,,,,,,,,
17,,,,,TOTAL,5789.4,28947.0,,,
0,C1_38/20_1,0 --18 ,,,,,0.0,,,
1,,,,,,,,,,
2,C1_38/20_2,18 -- 30,RC,PS,12*8,1136.0,5680.0,CUT32119,,
3,,,,,,,,,,
4,C1_38/20_3, 30-- 44,RC,PS,12*8,1271.8,6359.0,PS12X8RC,,
5,,,,,,,,,,
6,C1_38/20_4, 44-- 55,S.C.,CU,10*8,1044.6,5223.0,CU10X8SC,,
7,,,,,,,,NI,,
8,C1_38/20_5,55 -- 68,RC,CU,10*8,1238.7,6193.5,CU10X8RC,,
9,,,,,,,,,,
10,C1_38/20_6, 68-- 81,RC,PS,12*8,1215.8,6079.0,PS12X8RC,,
11,,,,,,,,,,
12,C1_38/20_7,81 -- 85,S.C.,PS,12*8,520.4,2602.0,CUT32121,,
13,,,,,,,,,,
14,,,,,,,,,,
15,,,,,TOTAL,6427.3,32136.5,,,
0,D1_40/20_1,0 --18 ,,,,,0.0,,,
1,,,,,,,,,,
2,D1_40/20_2,18 -- 30,UN,SQ,5,999.4,4997.0,C119055,7117811.0,
3,,,,,,,,,,
4,D1_40/20_3,30 -- 42,UN,OV,6~4,999.7,4998.5,C119035,7117791.0,
5,,,,,,,,,,
6,D1_40/20_4,42 -- 54,UN,OV,6~4,1000.0,5000.0,C119035,7117791.0,
7,,,,,,,,NI,,
8,D1_40/20_5,54 -- 66,UN,OV,6~4,1000.1,5000.5,C119035,7117791.0,
9,,,,,,,,,,
10,D1_40/20_6,66 -- 78,UN,SQ,5,999.6,4998.0,C119055,7117811.0,
11,,,,,,,,,,
12,,,,,,,,,,
13,,,,,TOTAL,4998.8,24994.0,,,
0,A1_45/20_1, 0-- 18,,,,,0.0,,,
1,,,,,,,,,,
2,A1_45/20_2,18 -- 33,RC,RG-RE,3~5,1151.8,5759.0,RG6210,A3_14/17_7,
3,,,,,,,,,,
4,A1_45/20_3,33 -- 42,RC,RG-RE,3~5,665.5,3327.5,RG6262,B2_39/17_4,
5,,,,,,,,,,
6,A1_45/20_4,42 -- 62,RC,RG-REN,3~5,1561.3,7806.5,RG22514,B3_28/18_2,
7,,,,,,,,NI,,
8,A1_45/20_5,62 -- 75,RC,RG-REN,3~5,975.1,4875.5,RG22256,A3_30/18_7,
9,,,,,,,,,,
10,A1_45/20_6, 75-- 85,MC,RG-RE,3~5,737.7,3688.5,RG22497,B3-22/18-1,
11,,,,,,,,,,
12,,,,,,,,,,
13,,,,,TOTAL,5091.4,25457.0,,,
0,B1_45/20_1,0 -- 18,,,,,0.0,,,
1,,,,,,,,,,
2,B1_45/20_2,18 -- 30,RC,RG-RE,2~3,902.6,4513.0,RG6175,B3_12/16_2,
3,,,,,,,,,,
4,B1_45/20_3, 30-- 44,RC,RG-RE,2~3,1150.6,5753.0,RG6175,A3_11/16_3,
5,,,,,,,,,,
6,B1_45/20_4,44 -- 57,RC,RG-RE,2~3,996.9,4984.5,RG6175,D3_04/16_7,
7,,,,,,,,NI,,
8,B1_45/20_5,57 -- 71,RC,RG-RE,2~3,1158.5,5792.5,RG6209,A3_10/17_5,
9,,,,,,,,,,
10,B1_45/20_6, 71-- 85,RC,RG-RE,2~3,1091.5,5457.5,RG6209,b3_10/16_4,
11,,,,,,,,,,
12,,,,,,,,,,
13,,,,,TOTAL,5300.1,26500.5,,,
0,D1_45/20_1,0 -- 18,,,,,0.0,,,
1,,,,,,,,,,
2,D1_45/20_2,18 -- 22,RC,RG-RE,2~3,223.6,1118.0,RG6175,A3-24/17-1,
3,,,,,,,,,,
4,D1_45/20_3,22 -- 27,RC,RG-RE,2~3,368.9,1844.5,RG6175,D3-04/16-5,
5,,,,,,,,,,
6,D1_45/20_4,27 -- 37,RC,RG-RE,2~3,782.7,3913.5,RG6175,C3-04/16-6,
7,,,,,,,,NI,,
8,D1_45/20_5, 37-- 52,RC,RG-RE,2~3,1179.2,5896.0,RG6209,A2_10/17_5,
9,,,,,,,,,,
10,D1_45/20_6,52 -- 67,RC,RG-RE,2~3,1150.0,5750.0,RG6175,A3_11/16_4,
11,,,,,,,,,,
12,D1_45/20_7,67 -- 72,RC,RG-RE,2~3,328.0,1640.0,RG6175,B3-04/16-1,
13,,,,,,,,,,
14,D1_45/20_8,72 --85 ,RC,RG-RE,2~3,1054.1,5270.5,RG6209,B3_12/16_4,
15,,,,,,,,,,
16,,,,,,,,,,
17,,,,,TOTAL,5086.5,25432.5,,,
0,B1_49/20_1,0 -- 18,,,,,0.0,,,
1,,,,,,,,,,
2,B1_49/20_2,18 -- 33,RC,RG-RE,3~5,1151.4,5757.0,RG6210,,
3,,,,,,,,,,
4,B1_49/20_3,33 -- 43,RC,RG-RE,2~3,701.0,3505.0,RG6175,,
5,,,,,,,,,,
6,B1_49/20_4,43 -- 53,RC,RG-RE,2~3,777.8,3889.0,RG6175,,
7,,,,,,,,NI,,
8,B1_49/20_5,53 -- 67,RC,RG-REN,6~7,1018.0,5090.0,RG22325,,
9,,,,,,,,,,
10,B1_49/20_6,67 -- 69,RC,RG-RE,4~5,150.2,751.0,RG22427,,
11,,,,,,,,,,
12,B1_49/20_7,69 -- 72,RC,RG-RE,3~4,243.9,1219.5,RG22426,,
13,,,,,,,,,,
14,B1_49/20_8,72 -- 76,MX,RD-RE,10,358.0,1790.0,CUT17695,,
15,,,,,,,,,,
16,B1_49/20_9,76 -- 79,S.C.,OT-RE,24*17,199.6,998.0,CUT30014,,
17,,,,,,,,,,
18,B1_49/20_10,79 -- 84,S.C.,OT-RE,24*17,370.6,1853.0,CUT30014,,
19,,,,,,,,,,
20,,,,,,,,,,
21,,,,,TOTAL,4970.5,24852.5,,,
0,C1_50/20_1,0 -- 18,,,,,0.0,,,
1,,,,,,,,,,
2,C1_50/20_2,18 -- 29,UN,OV-REN,7~5,1000.3,5001.5,C119037,,
3,,,,,,,,,,
4,C1_50/20_3,29 -- 40,UN,OV-REN,6~4,999.8,4999.0,C119036,,
5,,,,,,,,,,
6,C1_50/20_4,40 -- 51,UN,RD-REN,5,1001.7,5008.5,C119026,,
7,,,,,,,,NI,,
8,C1_50/20_5,51 -- 62,UN,RD-REN,4,999.8,4999.0,C119025,,
9,,,,,,,,,,
10,C1_50/20_6,62 -- 73,UN,RD-REN,5,999.5,4997.5,C119026,,
11,,,,,,,,,,
12,C1_50/20_7,73 -- 84,UN,OV-REN,7~5,999.6,4998.0,C119037,,
13,,,,,,,,,,
14,,,,,,,,,,
15,,,,,TOTAL,6000.700000000001,30003.5,,,
0,A1_01/21_1,0 -- 18,,,,,0.0,,,
1,,,,,,,,,,
2,A1_01/21_2,18 -- 33,RC,RG-REN,3~5,1204.7,6023.5,RG6176IN,,
3,,,,,,,,,,
4,A1_01/21_3,33 -- 49,RC,RG-REN,3~5,1257.4,6287.0,RG6176IN,,
5,,,,,,,,,,
6,A1_01/21_4,49 -- 64,RC,RG-REN,2~3,1207.3,6036.5,RG6175IN,,
7,,,,,,,,NI,,
8,A1_01/21_5,64 -- 79,RC,RG-REN,2~3,1210.5,6052.5,RG6175IN,,
9,,,,,,,,,,
10,,,,,,,,,,
11,,,,,TOTAL,4879.900000000001,24399.5,,,
0,B1_01/21_1,0 --18 ,,,,,0.0,,,
1,,,,,,,,,,
2,B1_01/21_2,18 -- 37,RC,RG-RE,5~9,1445.9,7229.5,RG6337,,
3,,,,,,,,,,
4,B1_01/21_3,37 -- 45,RC,OT-RE,12~10,600.0,3000.0,OT12X10RC,,
5,,,,,,,,,,
6,B1_01/21_4,45 -- 59,RC,OT-RE,12*10,1243.3,6216.5,CUT30517,,
7,,,,,,,,NI,,
8,B1_01/21_5,59 -- 70,RC,OV-REN,12*10,909.9,4549.5,OV12X10RC,,
9,,,,,,,,,,
10,B1_01/21_6,70 -- 84,RC,RG-RE,5~9,1005.2,5026.0,RG22257,,
11,,,,,,,,,,
12,,,,,,,,,,
13,,,,,TOTAL,5204.299999999999,26021.5,,,
0,D1_01/21_1,0 -- 18,,,,,0.0,,,
1,,,,,,,,,,
2,D1_01/21_2,18 -- 33,RC,RG-REN,3~5,1195.3,5976.5,RG6176IN,,
3,,,,,,,,,,
4,D1_01/21_3,33 -- 49,RC,RG-REN,3~5,1304.1,6520.5,RG6176IN,,
5,,,,,,,,,,
6,D1_01/21_4,49 -- 66,RC,RG-REN,3~5,1315.9,6579.5,RG6176IN,,
7,,,,,,,,NI,,
8,D1_01/21_5,66 -- 82,RC,RG-REN,3~5,1288.3,6441.5,RG6176IN,,
9,,,,,,,,,,
10,,,,,,,,,,
11,,,,,TOTAL,5103.599999999999,25518.0,,,
0,C1_02/21_1,0 -- 18,,,,,0.0,,,
1,,,,,,,,,,
2,C1_02/21_2,18 -- 29,UN,PS,7~5,1000.0,5000.0,C119042,,
3,,,,,,,,,,
4,C1_02/21_3,29 -- 40,UN,PS,6~4,1000.3,5001.5,C119041,,
5,,,,,,,,,,
6,C1_02/21_4,40 -- 51,UN,PS,6~4,999.7,4998.5,C119041,,
7,,,,,,,,NI,,
8,C1_02/21_5,51 -- 62,UN,PS,6~4,999.5,4997.5,C119041,,
9,,,,,,,,,,
10,C1_02/21_6,62 -- 73,UN,PS,7~5,1000.0,5000.0,C119042,,
11,,,,,,,,,,
12,C1_02/21_7,73 -- 77,PF,OT,12~10,124.0,620.0,C119053,,
13,,,,,,,,,,
14,,,,,,,,,,
15,,,,,TOTAL,5123.5,25617.5,,,
0,A1_06/21_1, 0-- 18,,,,,0.0,,,
1,,,,,,,,,,
2,A1_06/21_2,18 -- 29,UN,PS,7~5,1000.0,5000.0,C119042,,
3,,,,,,,,,,
4,A1_06/21_3,29 -- 41,UN,PF-SQ,6,999.5,4997.5,C119056,,
5,,,,,,,,,,
6,A1_06/21_4, 41-- 53,UN,PF-SQ,6,999.1,4995.5,C119056,,
7,,,,,,,,NI,,
8,A1_06/21_5,53 -- 65,UN,PF-SQ,6,999.0,4995.0,C119056,,
9,,,,,,,,,,
10,A1_06/21_6,65 -- 76,UN,PS,7~5,1000.1,5000.5,C119042,,
11,,,,,,,,,,
12,,,,,,,,,,
13,,,,,TOTAL,4997.7,24988.5,,,
0,B1_06/21_1,0 -- 18,,,,,0.0,,,
1,,,,,,,,,,
2,B1_06/21_2,18 -- 29,UN,PS,7~5,1000.1,5000.5,C119042,,
3,,,,,,,,,,
4,B1_06/21_3,29 -- 41,UN,PF-SQ,6,999.5,4997.5,C119056,,
5,,,,,,,,,,
6,B1_06/21_4, 41-- 53,UN,PF-SQ,6,999.2,4996.0,C119056,,
7,,,,,,,,NI,,
8,B1_06/21_5,53 -- 65,UN,PF-SQ,6,999.4,4997.0,C119056,,
9,,,,,,,,,,
10,B1_06/21_6,65 -- 76,UN,PS,7~5,1000.0,5000.0,C119042,,
11,,,,,,,,,,
12,,,,,,,,,,
13,,,,,TOTAL,4998.200000000001,24991.0,,,
0,D1_06/21_1, 0-- 18,,,,,0.0,,,
1,,,,,,,,,,
2,D1_06/21_2, 18-- 29,UN,OV,7~5,999.4,4997.0,C119012,,
3,,,,,,,,,,
4,D1_06/21_3,29 -- 40,UN,OV,6~4,999.4,4997.0,C119035,,
5,,,,,,,,,,
6,D1_06/21_4,40 -- 51,UN,OV,6~4,999.4,4997.0,C119035,,
7,,,,,,,,NI,,
8,D1_06/21_5,51 -- 62,UN,PS,6~4,1000.0,5000.0,C119041,,
9,,,,,,,,,,
10,D1_06/21_6,62 -- 73,UN,OV,7~5,999.0,4995.0,C119012,,
11,,,,,,,,,,
12,D1_06/21_7,73 -- 81,UN,OV,7~5,716.2,3581.0,C119012,,
13,,,,,,,,,,
14,,,,,,,,,,
15,,,,,TOTAL,5713.4,28567.0,,,
0,B1_09/21_1,0 -- 18,,,,,0.0,,,
1,,,,,,,,,,
2,B1_09/21_2,18 -- 33,RC,RG-REN,3~5,1210.5,6052.5,RG5824,,
3,,,,,,,,,,
4,B1_09/21_3,33 -- 45,RC,RG-REN,3~5,896.9,4484.5,RG5824,,
5,,,,,,,,,,
6,B1_09/21_4,45 -- 61,RC,RG-REN,2~3,1300.7,6503.5,RG6175,,
7,,,,,,,,NI,,
8,B1_09/21_5, 61-- 62,UN,SQ-RE,3,35.3,176.5,REF166,,
9,,,,,,,,,,
10,B1_09/21_6, 62-- 79,RC,RG-REN,2~3,1206.5,6032.5,RG6175,,
11,,,,,,,,,,
12,,,,,,,,,,
13,,,,,TOTAL,4649.900000000001,23249.5,,,
0,C1_09/21_1,0 -- 18,,,,,0.0,,,
1,,,,,,,,,,
2,C1_09/21_2,18 -- 36,NC,OV,7~5,1599.0,7995.0,C004021,,
3,,,,,,,,,,
4,C1_09/21_3,36 -- 47,UN,PF,6~4,999.3,4996.5,C119019,,
5,,,,,,,,,,
6,C1_09/21_4, 47-- 58,UN,PF,6~4,999.5,4997.5,C119019,,
7,,,,,,,,NI,,
8,C1_09/21_5,58 -- 73,NC,OV,7~5,1443.4,7217.0,C004022,,
9,,,,,,,,,,
10,C1_09/21_6,73 -- 82,FREE,FREE,FREE,640.6,3203.0,C0014031,,
11,,,,,,,,,,
12,,,,,,,,,,
13,,,,,TOTAL,5681.800000000001,28409.0,,,
0,B1_11/21_1, -- ,,,,,0.0,,,
1,,,,,,,,,,
2,B1_11/21_2,18 -- 35,RC,RG-REN,15~25,1240.2,6201.0,RG6481,,
3,,,,,,,,,,
4,B1_11/21_3,35 -- 50,RC,RG-REN,25~50,1067.9,5339.5,RG6482,,
5,,,,,,,,,,
6,B1_11/21_4,50 -- 67,RC,RG-REN,15~25,1190.4,5952.0,RG6481,,
7,,,,,,,,NI,,
8,B1_11/21_5,67 -- 82,RC,RG-REN,25~50,1048.7,5243.5,RG6482,,
9,,,,,,,,,,
10,,,,,,,,,,
11,,,,,TOTAL,4547.200000000001,22736.0,,,
